0.07982968264721106,0.0,-0.20706626627818503,1.3391792905298323,0.5199051844872328,-0.011276665757344978,0.006375389833257653,0.07143110980739041,0.667246983335489,1.4037806301364542,0.7174643247826756,0.7174643247826757,0.07267251704836751,0.0,-0.20710974716459427,1.1933210713616689,0.5881270925581559,-0.0026216979800064467,0.0037540531335095097,0.08313519299048433,0.812580600163442,1.4037806301364542,0.6169907212646762,0.616990721264676,0.0869868482460546,0.0,0.3955952668414948,1.3481637780215094,0.6627480550680998,0.00880144101871059,0.0008555906582435513,0.06612669657272303,0.9579142169913949,1.4037806301364542,0.8179379283006755,0.8179379283006755,0.09056543104547637,0.0,0.09417751967694554,1.3869404119910653,0.7203575712977071,0.01907643388380743,-0.0019584033484446655,-0.061286809924034166,1.1032478338193479,1.4037806301364542,0.8681747300596754,0.8681747300596753,0.09772987758592606,0.0,0.1947746618313949,1.4667560105616269,0.771055062839441,0.030628354194195906,-0.0035505458113530004,-0.09565720857394347,1.2485814506473008,1.4037806301364542,0.968750544771488,0.9687505447714879,0.09772987758592606,0.0,-0.0062370756413969745,1.4667560105616269,0.8016286613032982,0.04114551259801006,-0.0033858964384923863,-0.2534218888700428,1.3939150674752538,1.4037806301364542,0.968750544771488,0.9687505447714879,0.0869868482460546,0.0,-0.3075872522069967,1.1889906627721984,0.7948983301553765,0.048859533886891814,-0.001834753995700936,-0.2324452063940199,1.6845823011311598,2.7984918114208255,0.8179379283006755,0.8179379283006755,0.13359215546700834,0.0,1.3015021402959075,1.723921046528936,0.8721285141771393,0.06387685773503618,-0.0022434924821733587,-0.1706762642098542,-1.6580908859117582,-1.3856417324322885,1.4721917798965212,1.4721917798965212,0.1120660516084316,0.0,-0.609406734157159,1.2258859693933146,0.8798811583927361,0.07296036582395161,0.002232661560318691,-0.15507034528893132,-1.5127572690838054,-1.3856417324322885,1.1277727278253482,1.127772727825348,0.13718165967883933,0.0,0.6979696783545659,1.4971177156675428,0.9251048980725881,0.08522881025614798,0.004952142197388992,-0.1266053455191818,-1.3674236522558523,-1.3856417324322885,1.4751282420022969,1.4751282420022966,0.11565191534945951,0.0,-0.609443349473295,1.039197837271215,0.9071703685024911,0.09159798300239555,0.0132351593796461,-0.19817469849153785,-1.2220900354278994,-1.3856417324322885,1.0130731793711982,1.0130731793711985,0.11565191534945951,0.0,-0.0062370756413969745,1.039197837271215,0.8824212688796936,0.09694657580464343,0.021832008136414865,-0.2926505385365178,-1.0767564185999463,-1.3856417324322885,0.5145699604818952,0.5145699604818954,0.29553265845933596
-0.9027625108688941,0.0,0.28617699399239926,1.950164538849441,1.3548389959870775,-0.9357582100806723,-1.1034069771437367,-0.43831990191403214,1.6845823011311598,0.7064250394942685,1.4722245075492237,1.4722245075492235,-0.9330548684212732,0.0,-0.8824657655839266,1.2449430406544815,1.294654608545667,-0.9283883324739846,-1.0923674424214849,-0.4403203803420865,-1.6580908859117582,1.4037806301364542,1.0191424448016055,1.0191424448016053,-0.9431389725457882,0.0,-0.29820293384610325,1.0313536509401013,1.2124986899496986,-0.925002784556246,-1.0773277753587664,-0.48167096355484534,-1.5127572690838054,1.4037806301364542,0.8308143705154302,0.8308143705154302,-0.8960239994124041,0.0,1.3583158504637383,1.5326190483891622,1.2268810098566747,-0.9182075388844766,-1.0603242230332641,-0.41496629249311145,-1.3674236522558523,1.4037806301364542,1.5649361883817792,1.5649361883817794,-0.8960239994124041,0.0,-0.0062370756413969745,1.5326190483891622,1.2238079530850057,-0.9128657520479097,-1.0435248882473542,-0.510486989001425,-1.2220900354278994,1.4037806301364542,1.5554449105072858,1.5554449105072856,-0.9061335868325406,0.0,-0.2986028943535219,1.3081794856591382,1.1871544865456263,-0.9104612131533796,-1.0261184671735302,-0.5597485865370134,-1.0767564185999463,1.4037806301364542,1.3778945143790975,1.3778945143790973,-0.9229634833551519,0.0,-0.4931053629722374,0.9485095628244178,1.1113545365390338,-0.911995753145164,-1.0071035243493938,-0.5924407745441214,-0.9314228017719934,1.4037806301364542,0.7393136821601008,0.7393136821601008,-0.9364186634433135,0.0,-0.39568331753789737,0.6759290667805593,1.0124041773065975,-0.9151594165336403,-0.9894704091292577,-0.6491264703323365,-0.7860891849440405,1.4037806301364542,0.05143251589750352,0.05143251589750352,-0.9263272783771923,0.0,0.28597026193127173,0.8168396286758987,0.9428855555492,-0.9224801877979057,-0.9653010621189563,-0.6492194677587464,-0.6407555681160876,1.4037806301364542,-0.37800124562516185,-0.37800124562516185,-0.9767077538209338,0.0,-1.4646007597000341,-0.07940251605473041,0.7779470226991776,-0.9369361974675481,-0.9386711244447015,-0.4662974655346701,-0.4954219512881346,1.4037806301364542,-0.9716241158724034,-0.9716241158724033,-0.9968177145371148,0.0,-0.5892765951382861,-0.3692245966081173,0.599832753897522,-0.9467305300306665,-0.9220988930039274,-0.4406809327654235,-0.3500883344601816,1.4037806301364542,-1.484737826394124,-1.4847378263941242,-1.010207366150821,0.0,-0.3946816433526803,-0.5518104449613088,0.4266801562232317,-0.9586115239651383,-0.9044347027037885,-0.49542571236506416,-0.2047547176322287,1.4037806301364542,-1.6813812884072472,-1.6813812884072472,-0.6858512769711002
0.9691020475973166,0.0,-0.21254742565507542,-0.4672564307006895,-0.09710109977865086,0.957000036957566,1.0634031021509498,-0.7312279304424639,1.2485814506473008,-0.6882861417901028,-1.5619590105761576,-1.5619590105761574,0.9766523840428921,0.0,0.200119161334775,-0.32354520422470934,-0.12526167221169154,0.9566694842547375,1.0599418375842988,-0.7552360462478415,1.3939150674752538,-0.6882861417901028,-1.32288390997608,-1.3228839099760803,0.9842027204884676,0.0,0.20007327437217845,-0.17884901075290152,-0.13136517462041095,0.9557826915090669,1.057798667649634,-0.821694423526033,1.5392486843032067,-0.6882861417901028,-1.0118839001407949,-1.0118839001407949,0.999317955262831,0.0,0.40668970126386955,0.10214266237095615,-0.10519737335587079,0.9556343450547139,1.0575686646167912,-0.8538960845721194,1.6845823011311598,-0.6882861417901028,-0.4756660845384973,-0.4756660845384973,1.0106616622852096,0.0,0.3035190503311252,0.3028467656195612,-0.06148273889731431,0.9560826341460718,1.0578767592164977,-0.8837550239557668,-1.6580908859117582,0.009069448852082836,-0.07324442909130094,-0.07324442909130094,1.0144441114496037,0.0,0.09701363066115314,0.3699219662731802,-0.019432145645338902,0.9560826341460718,1.0578767592164977,-0.9261792225749789,-1.5127572690838054,0.009069448852082836,0.060939171682010226,0.060939171682010226,1.0144441114496037,0.0,-0.0062370756413969745,0.3699219662731802,0.013375218642634313,0.9569481550494982,1.0585238545545883,-0.9951112125873416,-1.3674236522558523,0.009069448852082836,1.225656509622353,1.2256565096223533,1.0106616622852096,0.0,-0.10947629277979841,0.2796428783400229,0.031106579842518904,0.9530747886958156,1.0593831189994198,-1.0591194890273927,-1.2220900354278994,0.009069448852082836,1.001773011575303,1.001773011575303,0.9917566974048463,0.0,-0.5222918569971463,-0.1482778293197265,0.00699741568091584,0.9407401502671641,1.0641989728545163,-1.074319613807092,-1.0767564185999463,0.009069448852082836,-0.1172135190871918,-0.1172135190871918,0.9917566974048463,0.0,-0.0062370756413969745,-0.1482778293197265,-0.012330979387599417,0.9331923416293243,1.0664796062573059,-1.117957905677334,-0.9314228017719934,0.009069448852082836,-0.1172135190871918,-0.1172135190871918,0.9842027204884676,0.0,-0.21255512120861217,-0.318668367172335,-0.04259251814468398,0.927469140095515,1.0673057025612103,-1.084761757512265,-0.7860891849440405,0.009069448852082836,-0.5643340758221572,-0.5643340758221574,1.0182302010848006,0.0,0.9233454348919865,0.4430012876878787,0.000937812140458846,0.9202847992111207,1.071878165802537,-1.024370269482175,-0.6407555681160876,0.009069448852082836,1.4497554874557816,1.4497554874557816,0.8207787674655777
-1.0936469569572778,0.0,0.6718102049771415,1.5083438968997969,0.7426441239698897,-1.2008541973433249,-1.2923620376430334,0.4910962413346391,0.9579142169913949,1.4037806301364542,1.4878229606577378,1.4878229606577382,-1.0736607722484013,0.0,0.575339080273327,1.6455647973445573,0.9162709213987191,-1.1742028790838448,-1.2942957103308987,0.43432531797346813,1.1032478338193479,1.4037806301364542,1.6017991443295785,1.6017991443295783,-1.1202551580569458,0.0,-1.3612334680383444,0.9549006924692085,0.9496017012082212,-1.161610516455772,-1.2870809068161237,0.4464654523657465,1.2485814506473008,1.4037806301364542,0.8801299475254953,0.8801299475254956,-1.1202551580569458,0.0,-0.0062370756413969745,0.9549006924692085,0.9645341820656744,-1.1517246558375973,-1.2768112547853248,0.3666389844676043,1.3939150674752538,1.4037806301364542,0.8437550457238303,0.8437550457238303,-1.1136076583705328,0.0,0.18735947057233793,1.014933922230086,0.977993014372138,-1.1433019932446247,-1.2644009309494466,0.2017841834409678,1.5392486843032067,1.4037806301364542,0.9473614394440205,0.9473614394440206,-1.110280268056523,0.0,0.09064700341498819,1.046312293524676,0.9835955100444931,-1.137532260091037,-1.2486560132021816,0.07467836427638362,-1.6580908859117582,-1.3856417324322885,0.9552811537244766,0.9552811537244766,-1.100301737585297,0.0,0.2842788244145301,1.1432445199168582,0.9960972342238333,-1.1349644410843236,-1.2276973833219063,0.03445884094627723,-1.5127572690838054,-1.3856417324322885,1.1209337564998283,1.1209337564998285,-1.0836575050736426,0.0,0.478193029345111,1.30210714842598,1.0270089121988206,-1.1308341322969173,-1.2086172067497594,-0.05467892609224657,-1.3674236522558523,-1.3856417324322885,1.3672557980501774,1.3672557980501772,-1.0936469569572778,0.0,-0.2968281758664749,1.1169937352443136,1.0194613348369859,-1.1275107854148947,-1.1930266215577925,-0.16340914769702414,-1.2220900354278994,-1.3856417324322885,1.1834439687069596,1.1834439687069596,-1.0769918030332142,0.0,0.47840972095406903,1.2858936028639498,1.0344201537840976,-1.1211857322721952,-1.1814306489383972,-0.22536276298508806,-1.0767564185999463,-1.3856417324322885,1.4899086623094453,1.489908662309445,-1.0869885358584555,0.0,-0.29697921311873327,1.0918478071590842,1.0142750785950667,-1.11614988967402,-1.1721888586547997,-0.32187287994380237,-0.9314228017719934,-1.3856417324322885,1.2772773694256367,1.2772773694256367,-1.1069565182133165,0.0,-0.5871622467133442,0.7194168701646202,0.9471898101657306,-1.1194291042896158,-1.1532694776003551,-0.37259286324681934,-0.7860891849440405,-1.3856417324322885,0.7954966186286009,0.7954966186286008,0.5739771772651509
-0.9263272783771923,0.0,-0.5904158318221836,0.24148307503167973,0.7271677676514693,-0.9173541079975112,-0.9690967029460184,0.24956578382470854,0.667246983335489,-1.3856417324322885,-0.0336268199803728,-0.0336268199803728,-0.9364186634433135,0.0,-0.29835241144673047,0.1129712334938159,0.6252098364873762,-0.9186454029998611,-0.9694850361435714,0.1720593464745533,0.812580600163442,-1.3856417324322885,-0.1753757380351565,-0.1753757380351565,-0.9498592816482628,0.0,-0.39542520346185056,-0.05824297388320263,0.511334164031511,-0.921028652207443,-0.9704613226474809,0.1262615362284364,0.9579142169913949,-1.3856417324322885,-0.3641697515482379,-0.3641697515482379,-0.9296910733992327,0.0,0.5780010195371291,0.19705978232111515,0.4557070635365142,-0.9207769913963447,-0.9703770122806757,0.08373499814275658,1.1032478338193479,-1.3856417324322885,-0.08087645933196728,-0.08087645933196728,-0.9397788179945509,0.0,-0.2982776804910938,0.059316360880895834,0.3866751444309395,-0.9197101579540946,-0.9670705067108664,-0.021248967123092655,1.2485814506473008,-1.3856417324322885,-0.22257424141342685,-0.22257424141342685,-0.9296910733992327,0.0,0.28589548390118685,0.19355890904776507,0.34772053092776883,-0.919774852295613,-0.9582501754236681,-0.10564075072058125,1.3939150674752538,-1.3856417324322885,-0.08087645933196728,-0.08087645933196728,-0.9364186634433135,0.0,-0.201001073390377,0.09324457696539071,0.2996090918555732,-0.9202293305499749,-0.9507204280006344,-0.1970978767819067,1.5392486843032067,-1.3856417324322885,-0.8460390065166711,-0.846039006516671,-1.0736607722484013,0.0,-3.9802357838496127,-1.3131939716021543,-0.012547506989141373,-0.9119984916067653,-0.9663868471032221,0.35654005918632725,1.6845823011311598,-1.3856417324322885,-1.216293680901112,-1.216293680901112,-1.066995070207973,0.0,0.18760606792280124,-1.2193454652447353,-0.24418431233541846,-0.9066569450591075,-0.9771305768903473,0.36144117759948946,-1.6580908859117582,-0.6882861417901028,-1.1446484336065021,-1.144648433606502,-1.090315926172465,0.0,-0.6842817457240132,-1.3920896368010076,-0.46923982614849136,-0.8990182713834204,-0.9921927031822664,0.36614842718572793,-1.5127572690838054,-0.6882861417901028,-1.3953089765716966,-1.3953089765716968,-1.1036291278993067,0.0,-0.3935962429817134,-1.4879236480983016,-0.6668358038957305,-0.8911368335562472,-1.007828936449234,0.3440771725478934,-1.3674236522558523,-0.6882861417901028,-1.4390077271927302,-1.4390077271927302,-1.1169314082137394,0.0,-0.39344013527730376,-1.5833947946673725,-0.8406445533333481,-0.8829042007726957,-1.0244832399958734,0.25869804228853605,-1.2220900354278994,-0.6882861417901028,-1.5680276102371065,-1.5680276102371062,0.28435761027179507
0.5002057676905785,0.0,-0.8198087048336093,-1.9873984417989665,-1.2552923976181394,0.733615688256763,0.625008442531916,-0.0781412385113758,0.5219133665075361,1.4037806301364542,-1.5298907108992132,-1.5298907108992135,0.5002057676905785,0.0,-0.0062370756413969745,-1.9873984417989665,-1.3981842422013941,0.7389813299720948,0.5977260166926248,-0.10838234228645428,0.667246983335489,1.4037806301364542,-1.3481448153202744,-1.3481448153202742,0.5259147725018872,0.0,0.7062502746802284,-1.5397107160063903,-1.4438555707370047,0.7369191926782728,0.579756636429096,-0.15062176963422483,0.812580600163442,1.4037806301364542,-1.014435800439361,-1.0144358004393608,0.5406222745463064,0.0,0.40104699581127745,-1.295936181840284,-1.4345352359874168,0.7309071995495019,0.5668677711162271,-0.2184165179538618,0.9579142169913949,1.4037806301364542,-0.8235289156873232,-0.8235289156873232,0.5516638224920298,0.0,0.2993942495297547,-1.1140843865942294,-1.3894669952088319,0.7218872346421809,0.5577426274445493,-0.28128357821808714,1.1032478338193479,1.4037806301364542,-0.6802069895851127,-0.6802069895851128,0.5553443384739377,0.0,0.09560648355218072,-1.0518329740405221,-1.3314232075789516,0.7115869087095141,0.5506497120854869,-0.3683603661518744,1.2485814506473008,1.4037806301364542,-0.6324330142177093,-0.6324330142177093,0.5295880075421889,0.0,-0.7188622940798443,-1.2986414010922127,-1.3219343949574385,0.7028862251253579,0.5408536799938852,-0.40617413606045394,1.3939150674752538,1.4037806301364542,-0.9667563334307456,-0.9667563334307454,0.5369453990352016,0.0,0.19748343762793424,-1.1651924043537356,-1.285283773391311,0.6914907813045318,0.5341364911271366,-0.4987299893687236,1.6845823011311598,2.7984918114208255,-0.8712556368753326,-0.8712556368753327,0.5369453990352016,0.0,-0.0062370756413969745,-1.1651924043537356,-1.242281496575076,0.680168299347481,0.5284649515665183,-0.5559460763128218,-1.6580908859117582,-1.3856417324322885,-0.8712556368753326,-0.8712556368753327,0.5443027905282142,0.0,0.19743871525201961,-1.0186551032178506,-1.1802816127298588,0.6670952246828525,0.5252947315234376,-0.5947038824085503,-1.5127572690838054,-1.3856417324322885,-0.7757549403199197,-0.7757549403199195,0.5369453990352016,0.0,-0.20986816379016243,-1.1067505678260192,-1.1331267020011058,0.6485397465146957,0.5250399414421658,-0.645050490272945,-1.3674236522558523,-1.3856417324322885,-0.8347076287806401,-0.8347076287806401,0.5406222745463064,0.0,0.09555042995105764,-1.0265789069633942,-1.0763764961538318,0.6280789359593341,0.5274462988399921,-0.720515344840891,-1.2220900354278994,-1.3856417324322885,0.7324631228079975,0.7324631228079976,-0.0062332911563055815
-0.7640460113885613,0.0,-0.0062370756413969745,-0.5002397094688367,-0.7608078841073044,-0.7380443660340557,-0.7658884895181522,-0.44914381215175736,-1.6580908859117582,0.7064250394942685,0.46668149383698515,0.46668149383698515,-0.7640460113885613,0.0,-0.0062370756413969745,-0.5002397094688367,-0.6971147625335102,-0.7573128061694435,-0.7591591586920474,-0.5286044930484551,-1.5127572690838054,0.7064250394942685,0.46668149383698515,0.46668149383698515,-0.7538454121983479,0.0,0.2875521760910613,-0.2777688980511547,-0.6195090507980341,-0.7796981626625005,-0.7482673112108693,-0.6023894110239604,-1.3674236522558523,0.7064250394942685,0.8489748344785885,0.8489748344785883,-0.7402409728072602,0.0,0.3854627427315391,0.005569554496624728,-0.5251740196439448,-0.795757987135593,-0.7396307540306319,-0.6576260376383956,-1.2220900354278994,0.7064250394942685,1.4441167245012745,1.4441167245012747,-0.7470450127382056,0.0,-0.2020567207946085,-0.13247946080352443,-0.45905951902764713,-0.8020870044330367,-0.7370192614829635,-0.7089029899177982,-1.0767564185999463,0.7064250394942685,1.4332139636173034,1.4332139636173034,-0.7606458116584901,0.0,-0.39774945391289285,-0.3993919402723377,-0.4292140965593656,-0.806045559041267,-0.7361071144898498,-0.7698094438312074,-0.9314228017719934,0.7064250394942685,1.1125888158832653,1.1125888158832649,-0.7606458116584901,0.0,-0.0062370756413969745,-0.3993919402723377,-0.40129930823113297,-0.806708435456164,-0.736122388948423,-0.7335334642545055,-0.7860891849440405,0.7064250394942685,0.9811141625623878,0.9811141625623877,-0.7945968423679586,0.0,-0.983963482944932,-0.9978970139289768,-0.44217829131886993,-0.8117593288298046,-0.7371771480085121,-0.6471770969360504,-0.6407555681160876,0.7064250394942685,-0.5220029149091149,-0.5220029149091149,-0.7742356891663655,0.0,0.5807447634138042,-0.513171766425668,-0.42936746114917906,-0.8190972600483111,-0.7349108441569864,-0.567159453634074,-0.4954219512881346,0.7064250394942685,0.252069335654936,0.252069335654936,-0.8521526857645589,0.0,-2.2510482715961713,-1.5054400057094832,-0.5684760926061091,-0.8206348069387734,-0.7452815133933068,-0.34776568380332545,-0.3500883344601816,0.7064250394942685,-1.410314070232815,-1.410314070232815,-0.8453923314832504,0.0,0.18900307432173905,-1.3625741645244374,-0.6580119510226,-0.8180934280676864,-0.7505581774074731,-0.32919560632902606,-0.2047547176322287,0.7064250394942685,-1.229505225351378,-1.2295052253513779,-0.8453923314832504,0.0,-0.0062370756413969745,-1.3625741645244374,-0.7210221223111617,-0.8176805312716362,-0.7513134593029767,-0.2986598218774989,-0.05942110080427573,0.7064250394942685,-1.229505225351378,-1.2295052253513779,0.6780867338927927
-1.0001633072051397,0.0,-0.5891265737240046,0.8790626361583807,1.3004987495974207,-0.9882482100070086,-1.135105255951807,0.15193622661466627,0.23124613285163018,1.4037806301364542,0.15051045481453476,0.15051045481453476,-0.9364186634433135,0.0,1.8432398123703364,1.4401580781656105,1.3415992125918708,-0.9734412857747813,-1.1298907735053914,0.26451109308041004,0.37657974967958313,1.4037806301364542,0.8379606139189798,0.8379606139189796,-0.8453923314832504,0.0,2.6295321410496943,1.9919019885751859,1.5376869157040949,-0.9421264595766851,-1.13182621730697,0.43610204529648244,0.5219133665075361,1.4037806301364542,1.6738544652892102,1.6738544652892102,-0.8656624729147667,0.0,-0.5915189490168333,1.6950247905514986,1.6334540243226585,-0.921872829664194,-1.1229939958030735,0.398454354605343,0.667246983335489,1.4037806301364542,1.3542543261280406,1.3542543261280406,-0.8656624729147667,0.0,-0.0062370756413969745,1.6950247905514986,1.6895106679437162,-0.906595410798628,-1.1084853060734576,0.32400278857686216,0.812580600163442,1.4037806301364542,1.3361320817273732,1.3361320817273732,-0.9195996883331115,0.0,-1.5646081240220435,0.9404118485669352,1.607433658045436,-0.9045627615600796,-1.0857232352015733,0.3466644906503176,0.9579142169913949,1.4037806301364542,0.5500466387470209,0.5500466387470209,-0.9195996883331115,0.0,-0.0062370756413969745,0.9404118485669352,1.5244502699657034,-0.9060365197647191,-1.05976278289867,0.22294245036450397,1.1032478338193479,1.4037806301364542,0.4993235603136405,0.4993235603136403,-0.9195996883331115,0.0,-0.0062370756413969745,0.9404118485669352,1.441702436166082,-0.9105385024971322,-1.0317520767302528,0.13427275469442315,1.2485814506473008,1.4037806301364542,0.4993235603136405,0.4993235603136403,-0.916232252840268,0.0,0.09121962744737151,0.9715045179058048,1.3667238836746858,-0.9219382747297198,-0.9957919884366463,0.012585622668368832,1.3939150674752538,1.4037806301364542,0.32713635235755595,0.32713635235755595,-0.9330548684212732,0.0,-0.49304802116541313,0.7125208048884296,1.2588651425370272,-0.9231847409439123,-0.9817599334949114,-0.08728784233845012,1.5392486843032067,1.4037806301364542,-0.1069033913818006,-0.1069033913818006,-0.9834135010401962,0.0,-1.4642745184376973,0.03569939154004814,1.060330229166932,-0.9284139818454828,-0.9684385847068968,0.05531157357072862,-1.6580908859117582,-1.3856417324322885,-1.0918777378702686,-1.0918777378702686,-1.0168985514868711,0.0,-0.9772583468695356,-0.3400352748637752,0.8262957142740027,-0.9334456358678662,-0.9586779164442597,0.08275148477596908,-1.5127572690838054,-1.3856417324322885,-1.6184008015172568,-1.6184008015172566,0.18815520221095727
0.10489796459717883,0.0,-0.6092314501985966,-0.12381004401733521,0.5382702573758145,0.13111612576786721,0.19305793397791135,0.9060340552883395,-1.2220900354278994,-1.3856417324322885,-1.4850002767594632,-1.4850002767594634,0.10848018786740367,0.0,0.09422525036421284,-0.08935858612803443,0.4271084622851388,0.13076755989062183,0.19376854263841278,0.7606479410937261,-1.0767564185999463,-1.3856417324322885,-1.4088168454742878,-1.4088168454742875,0.11565191534945951,0.0,0.19486999193145402,-0.017019832696605102,0.348933949158558,0.1304663078371899,0.18866269748882547,0.6116443579875467,-0.9314228017719934,-1.3856417324322885,-1.272430776747356,-1.272430776747356,0.12282728330231842,0.0,0.19492847220498144,0.05808866762471912,0.29750223050975366,0.12506070967703012,0.18616288526392807,0.5293778594091133,-0.7860891849440405,-1.3856417324322885,-0.9772456623218243,-0.9772456623218242,0.08340826544663282,0.0,-1.1111322391558676,-0.3463367147952235,0.17570888885161137,0.12234850917612872,0.17735508088504545,0.6902863400368552,-0.6407555681160876,-1.3856417324322885,-1.0677667889001061,-1.067766788900106,0.04765156121883971,0.0,-1.0096744214981628,-0.6700111279515558,0.007400213342317897,0.1278152480991166,0.16033674245439145,0.699438027129922,-0.4954219512881346,-1.3856417324322885,-1.378041887351936,-1.378041887351936,0.16953088323495516,0.0,3.4177551300030884,0.4743667134486711,0.11547812749420557,0.12593889018435672,0.1607805574768393,1.0303982525881215,-0.3500883344601816,-1.3856417324322885,0.6936634998228433,0.6936634998228431,0.19473750307543972,0.0,0.6992962658581103,0.6563190326264,0.2481949386413467,0.13084811541286187,0.15981209897949905,1.0453197601372468,-0.2047547176322287,-1.3856417324322885,1.0231637844727104,1.0231637844727102,0.17313130885919537,0.0,-0.6105349607087833,0.4439162580832663,0.30637240006515526,0.12994706666063194,0.1599968027709448,1.296275432378844,-0.05942110080427573,-1.3856417324322885,0.6688656935877624,0.6688656935877627,0.14795745325593845,0.0,-0.7107768193764388,0.20348641053674416,0.29845044610258126,0.11625785724528258,0.16546278430897798,1.249588495504454,0.08591251602367722,-1.3856417324322885,0.2560651378220655,0.2560651378220655,0.12641314704334633,0.0,-0.6096549783488033,0.00397571410173906,0.2459901928276693,0.10942780327532886,0.16584238612943195,1.1918791233455877,0.23124613285163018,-1.3856417324322885,-0.09721811438637909,-0.09721811438637909,0.14795745325593845,0.0,0.5975735349558285,0.19789322266079376,0.2442185849355131,0.10970633674404898,0.1659226639226766,1.0962142701088038,0.37657974967958313,-1.3856417324322885,0.2560651378220655,0.2560651378220655,-0.6092262565796001
-1.2888490014181073,0.0,1.3415829854315549,1.848483440666847,0.801455815749775,-1.3662839462921281,-1.3384457503542049,-0.6920601638740105,-0.6407555681160876,0.009069448852082836,0.8324166152011956,0.8324166152011956,-1.2987073963528317,0.0,-0.2948727080558009,1.5401024591452346,0.8124676785979418,-1.3678200684214448,-1.32179463265775,-0.7046081678396412,-0.4954219512881346,0.009069448852082836,0.580413330746612,0.580413330746612,-1.2921363465532831,0.0,0.1862110212329042,1.628977135656939,0.8244369679096678,-1.3729282151979105,-1.300887137482418,-0.716345091840307,-0.3500883344601816,0.009069448852082836,0.3534025630133389,0.3534025630133389,-1.2855580158121283,0.0,0.18638430533549546,1.7177749758870726,0.8370343360206024,-1.3727368285700987,-1.2882542493483988,-0.752833875911606,-0.2047547176322287,0.009069448852082836,0.5933278106164057,0.5933278106164055,-1.2855580158121283,0.0,-0.0062370756413969745,1.7177749758870726,0.8370055098798143,-1.3708745360956407,-1.2795983130669926,-0.7352518745849925,-0.05942110080427573,0.009069448852082836,0.5933278106164057,0.5933278106164055,-1.2822706706769524,0.0,0.09000033601303899,1.7662157921240096,0.8335684641966278,-1.3671899048646694,-1.2744164922730796,-0.7831852800670116,0.08591251602367722,0.009069448852082836,0.7132240466903232,0.7132240466903235,-1.410047555394048,0.0,-3.746532283662622,-0.9547590744629743,0.5689968240969775,-1.3602376050525111,-1.285024475247848,-0.20275122491113418,0.23124613285163018,0.009069448852082836,-0.8735468582098811,-0.8735468582098809,-1.3642977588118166,0.0,1.3383753147152089,-0.19408981531982178,0.445101603015955,-1.3612270515157803,-1.283042852787616,-0.03433778081549503,0.37657974967958313,0.009069448852082836,-0.11734162288099455,-0.11734162288099455,-1.2921363465532831,0.0,2.11155838680775,0.6710506566686241,0.48492760387411815,-1.357834704650798,-1.2821736673963862,0.27679448773038035,0.5219133665075361,0.009069448852082836,1.0754251611318317,1.0754251611318315,-1.2328476390544194,0.0,1.7298070918120494,1.183090054128253,0.6271819815564635,-1.3422287026231183,-1.2889673513505244,0.5796484101410112,0.667246983335489,0.009069448852082836,1.6738544652892102,1.6738544652892102,-1.126899017272556,0.0,3.090271041280548,1.823707081445682,0.9400946954017414,-1.2948606118036596,-1.3164470222627271,0.7998197871784877,0.812580600163442,0.009069448852082836,1.6738544652892102,1.6738544652892102,-1.2427460791679776,0.0,-3.3807794422643527,0.5877585206846184,0.9456911493092542,-1.2876699876503217,-1.3154317004669804,1.0687798049534742,0.9579142169913949,0.009069448852082836,0.46030996895880744,0.46030996895880744,0.09027973003339929
-0.8149361527447332,0.0,-0.10399642871937342,-1.3589883711607633,-0.5242410221591179,-0.7516365949576308,-0.7147281908946435,-0.5316380469014522,-0.2047547176322287,-0.6882861417901028,-1.3386416567980204,-1.3386416567980204,-0.8081575961094093,0.0,0.18930223411375124,-1.2028769937019093,-0.5848063951732458,-0.7719392217949794,-0.7127621668099385,-0.5657842913850418,-0.05942110080427573,-0.6882861417901028,-1.167041443284608,-1.167041443284608,-0.8115468744270712,0.0,-0.10398612909050929,-1.2458977920051797,-0.6326379605632534,-0.7769076237566375,-0.72005109724032,-0.5578565122502231,0.08591251602367722,-0.6882861417901028,-1.1105870072625552,-1.1105870072625548,-0.8420103341071947,0.0,-0.8849162019106098,-1.6022396446395994,-0.7233473561974506,-0.7782695203123347,-0.7333448825121957,-0.5109878059471816,0.23124613285163018,-0.6882861417901028,-1.4635423471148437,-1.4635423471148439,-0.8352463393550832,0.0,0.18904655862534883,-1.4334228341644515,-0.7731914904692407,-0.7808013691139462,-0.743411732746914,-0.5202520015636012,0.37657974967958313,-0.6882861417901028,-1.3182642592033988,-1.3182642592033986,-0.8926529234487576,0.0,-1.6632766874310148,-1.9840341913362682,-0.9170169955253076,-0.7722658801335659,-0.7676492487032619,-0.35795956957637404,0.5219133665075361,-0.6882861417901028,-1.4661985177333876,-1.4661985177333876,-0.8656624729147667,0.0,0.7742355338132156,-1.3950716477943217,-0.9663757624393962,-0.770407421178008,-0.7810877651290746,-0.3522659206059964,0.667246983335489,-0.6882861417901028,-1.0353680932732214,-1.0353680932732214,-0.872415546254469,0.0,-0.20134900158266103,-1.4619928781611244,-1.007713409200211,-0.7707466784341583,-0.7940158262307699,-0.36004388584344277,0.812580600163442,-0.6882861417901028,-1.1431628649718468,-1.1431628649718468,-0.8250930662853097,0.0,1.3613065400541537,-0.5722971147148312,-0.9356401249240635,-0.7759434426089524,-0.7976436462750062,-0.2879536668084778,0.9579142169913949,-0.6882861417901028,-0.3877859176346873,-0.3877859176346873,-0.8217074284384508,0.0,0.0914584155305767,-0.515700233662586,-0.8621919564440992,-0.781872816794336,-0.8001938991981595,-0.35272707449695095,1.1032478338193479,-0.6882861417901028,-0.33374325581273495,-0.33374325581273495,-0.8217074284384508,0.0,-0.0062370756413969745,-0.515700233662586,-0.7951812518971156,-0.7879602508912467,-0.802243272977998,-0.426094946263061,1.2485814506473008,-0.6882861417901028,-0.31148863926419446,-0.31148863926419446,-0.8217074284384508,0.0,-0.0062370756413969745,-0.515700233662586,-0.7339777992013556,-0.7947163677692636,-0.8036193490094099,-0.49423645676559325,1.3939150674752538,-0.6882861417901028,0.13808446391877216,0.13808446391877216,0.28700084012754407
0.07982968264721106,0.0,0.1946790956001519,0.24070864046449375,-0.20297368038863461,0.014174786435939847,0.1185485110613334,-1.1273671063160564,-1.5127572690838054,0.009069448852082836,1.2154957198567344,1.2154957198567344,0.09414765431570121,0.0,0.39561044068651174,0.5582672717624021,-0.12822891942337836,0.016475359300109193,0.11802878431207833,-1.1276522904503707,-1.3674236522558523,0.009069448852082836,1.5336909339099993,1.5336909339099993,0.08340826544663282,0.0,-0.3075177643905431,0.26645310686062634,-0.08974836658299598,0.01796329928644568,0.11832656792126182,-1.1278745012730866,-1.2220900354278994,0.009069448852082836,0.897880611109999,0.897880611109999,0.09056543104547637,0.0,0.19461385308528528,0.4299405240400139,-0.044820338627264804,0.016198641965682783,0.11902449278020268,-1.1700306099345745,-1.0767564185999463,0.009069448852082836,1.1563194722511694,1.1563194722511694,0.09056543104547637,0.0,-0.0062370756413969745,0.4299405240400139,-0.00946924979387347,0.012036149354933549,0.12105715942557858,-1.1812421902964585,-0.9314228017719934,0.009069448852082836,1.0015094170730474,1.0015094170730472,0.09056543104547637,0.0,-0.0062370756413969745,0.4299405240400139,0.017975677746141776,0.005522038719298681,0.12473766874834,-1.1637621688250006,-0.7860891849440405,0.009069448852082836,0.9269606983377826,0.9269606983377824,0.06909757471974882,0.0,-0.6085573072861732,-0.19522766388955545,-0.0034284013435666926,0.002720118531583762,0.12540366223600524,-1.0917775729973775,-0.6407555681160876,0.009069448852082836,-0.19176740522141766,-0.19176740522141766,0.07982968264721106,0.0,0.2950675769418492,0.10036914124706171,0.0006487738413060794,0.0014910104689500577,0.13273754098991153,-0.9552361993638548,-0.4954219512881346,0.009069448852082836,0.4361540635131451,0.4361540635131451,0.09056543104547637,0.0,0.2950719316433989,0.3751564454640759,0.024650611402022963,0.0043140138337979615,0.1342033902833917,-0.9957498259613955,-0.3500883344601816,0.009069448852082836,0.9662119323539257,0.9662119323539258,0.1120660516084316,0.0,0.597002416998007,0.8524818756394833,0.08522142537761272,0.009150526657685149,0.13759199437403385,-0.9773750576769604,-0.2047547176322287,0.009069448852082836,1.381462426238426,1.3814624262384263,0.1013121008561509,0.0,-0.30776291290823604,0.5301509338523028,0.11013583041735026,0.011114470243459414,0.14207700023604525,-0.9322657871170467,-0.05942110080427573,0.009069448852082836,0.5532519782642189,0.5532519782642191,0.13359215546700834,0.0,0.8991450485543792,1.1404188911502569,0.19170816056324258,0.021799544231811737,0.13922873724091775,-0.7643304831142083,0.08591251602367722,0.009069448852082836,0.9810855802566273,0.9810855802566273,-1.8139258514388008
0.6550568337701353,0.0,-0.10845926581855785,0.18119397677096563,0.16438142190831995,0.5830725864066384,0.7449537923111791,-1.1191265916112625,-0.2047547176322287,0.7064250394942685,0.14765696874631762,0.14765696874631762,0.662465191854391,0.0,0.1981294067296143,0.3691886979250179,0.15930219531017253,0.5757248818563095,0.7490003457354464,-1.1604306463981546,-0.05942110080427573,0.7064250394942685,0.6664593569312075,0.6664593569312075,0.4928665785515812,0.0,-4.68374302185585,-2.020072723919076,-0.1813588659695226,0.6214967929786366,0.684024277205751,-0.5088853667597121,0.08591251602367722,0.7064250394942685,-1.4246391302843857,-1.424639130284386,0.5222378969907825,0.0,0.8079244086415501,-1.4627491124639513,-0.38862120680482737,0.6321082131606371,0.6585170164135271,-0.42237194492375896,0.23124613285163018,0.7064250394942685,-0.862018461041642,-0.8620184610416419,0.5700773238139784,0.0,1.318690503669774,-0.7006590585891125,-0.45258148793846487,0.631040236834113,0.6492005316898831,-0.3270843945010934,0.37657974967958313,0.7064250394942685,-0.040342109209268735,-0.040342109209268735,0.5774529176610063,0.0,0.19774096467868,-0.5943689211974224,-0.48334770701310553,0.6295515551167231,0.6421646845963366,-0.3819906495073528,0.5219133665075361,0.7064250394942685,0.08633898726835008,0.08633898726835008,0.5590284949266486,0.0,-0.5156674554906266,-0.7893347611897166,-0.5386430304296265,0.6285445149299569,0.6327941528750524,-0.37550356018057335,0.667246983335489,0.7064250394942685,-0.23011364317253277,-0.23011364317253277,0.5443027905282142,0.0,-0.41362256611830994,-0.9399710557103138,-0.6052310288591227,0.6275961808541142,0.6218861235126795,-0.427135916423175,0.812580600163442,0.7064250394942685,-0.48303814230973313,-0.4830381423097334,0.5553443384739377,0.0,0.29936069296594137,-0.7593321940658726,-0.6290858890857032,0.624407944423677,0.6143419710292318,-0.4894232627042366,0.9579142169913949,0.7064250394942685,-0.29339166372305114,-0.29339166372305114,0.5443027905282142,0.0,-0.31173421875429086,-0.8818344972142291,-0.6627439410594693,0.621326815304758,0.6059531544937574,-0.5329042963325754,1.1032478338193479,0.7064250394942685,-0.48303814230973313,-0.4830381423097334,0.5406222745463064,0.0,-0.10810299851050977,-0.9235609036855817,-0.6891805151770546,0.6177847457626272,0.5980310179926582,-0.6163795933248334,1.2485814506473008,0.7064250394942685,-0.5462536351719605,-0.5462536351719607,0.5369453990352016,0.0,-0.10801341537859105,-0.9672118237149246,-0.7096507845196147,0.6147743049116332,0.5903195383758122,-0.6364493021387698,1.3939150674752538,0.7064250394942685,-0.5886558128013114,-0.5886558128013116,-0.0062332911563055815
0.3540445054179593,0.0,-0.0062370756413969745,0.22298640666722588,-0.3886525558851141,0.26819783052058804,0.3964189822289735,-0.8590590430394871,-0.3500883344601816,-0.6882861417901028,1.1564401594496247,1.1564401594496247,0.3285976145044718,0.0,-0.7145527670651689,-0.36196642155668096,-0.36401979302626775,0.2639246010868587,0.3974363600517004,-0.8204411776329019,-0.2047547176322287,-0.6882861417901028,0.25203255809461006,0.25203255809461006,0.31770168539087124,0.0,-0.3097576185842695,-0.5800512838592768,-0.362422452604398,0.2631338864656737,0.3964091277546575,-0.8130831490820585,-0.05942110080427573,-0.6882861417901028,-0.1352195092667001,-0.1352195092667001,0.3504076750856883,0.0,0.9051297519468987,0.16276957656844102,-0.2928931086284586,0.2657409762419802,0.3967028072435445,-0.7778344821335843,0.08591251602367722,-0.6882861417901028,1.0271836224319335,1.0271836224319337,0.34677084475341735,0.0,-0.1074795064613619,0.08342790772137772,-0.24261351811271734,0.2672187467488863,0.39667458442218545,-0.8017087847542165,0.23124613285163018,-0.6882861417901028,0.8979270854142428,0.8979270854142427,0.3285976145044718,0.0,-0.5122004102684246,-0.2961385296658006,-0.23665938439485754,0.26713776147969975,0.3985784362609796,-0.7531283709922494,0.37657974967958313,-0.6882861417901028,0.25203255809461006,0.25203255809461006,0.31770168539087124,0.0,-0.3097576185842695,-0.5056097707713825,-0.25114769824163574,0.2665477154549548,0.397349150437237,-0.7789094058915633,0.5219133665075361,-0.6882861417901028,-0.1352195092667001,-0.1352195092667001,0.29230940153942986,0.0,-0.7138042642465804,-0.9393073059213825,-0.3100788372640814,0.2662181376715322,0.39221334892809995,-0.760487339100203,0.667246983335489,-0.6882861417901028,-1.0376863217776053,-1.0376863217776053,0.27419805929413654,0.0,-0.5113027974425438,-1.2051876467272524,-0.3887977655708985,0.26798079698429894,0.38351770267410873,-0.7577667527231611,0.812580600163442,-0.6882861417901028,-1.3353443160920078,-1.3353443160920078,0.28144259619225387,0.0,0.19589925114772727,-1.016952164240192,-0.4321123964748188,0.26685873159366263,0.3780888858026036,-0.7976020931423454,0.9579142169913949,-0.6882861417901028,-1.1044209173973978,-1.1044209173973978,0.2778203277431952,0.0,-0.10728322423162026,-1.0737433401690257,-0.4686280619813062,0.26515642349352453,0.37288065876983506,-0.8628378519034041,1.1032478338193479,-0.6882861417901028,-1.2198826167447028,-1.2198826167447026,0.29230940153942986,0.0,0.39799154353224747,-0.6883264476017941,-0.46367900601198486,0.262753774624548,0.3705624746139663,-0.895139711798854,1.2485814506473008,-0.6882861417901028,-0.758035819355483,-0.7580358193554831,-0.30934050258085155
1.7646686940762966,0.0,0.09935407447196302,0.2969304370896797,0.14169208899603472,1.6904141082174804,1.7962028067573776,0.2910941906107264,-1.2220900354278994,1.4037806301364542,0.7832104262384041,0.7832104262384042,1.7567652319628229,0.0,-0.2172981257122642,0.17069659287698966,0.13703771367584566,1.6859131960634268,1.7979560007232849,0.18278746784722524,-1.0767564185999463,1.4037806301364542,0.7277267552093112,0.7277267552093111,1.7567652319628229,0.0,-0.0062370756413969745,0.17069659287698966,0.1314697338195147,1.685421271741647,1.798054768998159,0.09758242744215538,-0.9314228017719934,1.4037806301364542,0.7277267552093112,0.7277267552093111,1.7370229587977524,0.0,-0.5335721807086262,-0.1561772290140385,0.08631090209593956,1.6854912253175431,1.7999641642614632,0.0647019350320057,-0.7860891849440405,1.4037806301364542,0.20293892952011247,0.20293892952011247,1.7528153211414874,0.0,0.4158320070687601,0.1062129769923888,0.08073468682550662,1.6864865401746232,1.8025272852261849,0.06491522597865897,-0.6407555681160876,1.4037806301364542,0.588936307494172,0.588936307494172,1.7567652319628229,0.0,0.0992808408020648,0.17127397862414925,0.08287667324880638,1.6866362572409597,1.8075251204696616,-0.04270075136731425,-0.4954219512881346,1.4037806301364542,-0.10405133731716695,-0.10405133731716695,1.7567652319628229,0.0,-0.0062370756413969745,0.17127397862414925,0.08325069806809109,1.6876957184745927,1.8096285631843656,-0.1426014711777149,-0.3500883344601816,1.4037806301364542,-0.10405133731716695,-0.10405133731716695,1.7686222453684348,0.0,0.31047515692439626,0.3816151002417328,0.10562139276605656,1.685140501858494,1.8201214723181574,-0.21992993238489852,-0.2047547176322287,1.4037806301364542,0.48822023873775505,0.4882202387377548,1.788397282770733,0.0,0.5217929441835126,0.7061467820599525,0.16058806145241802,1.690202619744645,1.820974146288185,-0.26080514225061446,-0.05942110080427573,1.4037806301364542,1.4760062998769428,1.4760062998769428,1.7923581150044776,0.0,0.09946430246895384,0.7685900615468143,0.2092754621125239,1.6892990696617225,1.8317918620778855,-0.34498496694362174,0.08591251602367722,1.4037806301364542,1.1696574373666009,1.1696574373666009,1.7844437314785946,0.0,-0.21742146799427092,0.5809329374928922,0.22906637752099185,1.6838085627224313,1.8460381731811224,-0.40775805712951624,0.23124613285163018,1.4037806301364542,0.8337321113770965,0.8337321113770965,1.8359600338128952,0.0,1.3687172619651238,1.3162253589924051,0.3432097060329195,1.7018340855534506,1.8346486197151692,-0.3422713918308804,0.37657974967958313,1.4037806301364542,1.6738544652892102,1.6738544652892102,0.20526761468083304
0.16953088323495516,0.0,1.8063728185692889,1.7116396782436167,1.0340218286865146,0.05091743600472784,0.023983658273867302,0.6907291835156149,-0.4954219512881346,1.4037806301364542,1.5225679154949918,1.5225679154949916,0.20194199479472325,0.0,0.9009500039903684,1.896368459778398,1.2358982435452288,0.07545256887459506,0.01046083884844617,0.7718767384728868,-0.3500883344601816,1.4037806301364542,1.3779347355438405,1.3779347355438403,0.198341569170483,0.0,-0.1069145544385959,1.8393957375004193,1.3725182379803902,0.09053444142667312,0.002135759841438681,0.6646315116849404,-0.2047547176322287,1.4037806301364542,1.3357458047786437,1.3357458047786435,0.16233731292808087,0.0,-1.0131211239377775,1.2893238289486235,1.392543043171958,0.10387678895414247,-0.0015786004049001615,0.6350860170200413,-0.05942110080427573,1.4037806301364542,0.8742065509587917,0.874206550958792,0.18392894526111292,0.0,0.5982439420181661,1.4435170592045328,1.4345889372058422,0.12013884925649458,-0.0064244048381253485,0.5934641104065774,0.08591251602367722,1.4037806301364542,1.1333622258622407,1.1333622258622404,0.15514738309200965,0.0,-0.8114832872573561,1.029884250119478,1.3940554905868305,0.1313789067934944,-0.0026529929921202612,0.8790383520963251,0.23124613285163018,1.4037806301364542,0.38445058557991535,0.38445058557991535,0.18032851963687271,0.0,0.6988889626679435,1.2269947919197444,1.3957179554421968,0.1430426237760036,0.007505935710196304,1.0595906423076549,0.37657974967958313,1.4037806301364542,0.649127163196593,0.649127163196593,0.2308072877922972,0.0,1.4062036491514471,1.5736927902318436,1.4803165348783855,0.16460634014188497,0.007047072753881765,1.3956702647615329,0.5219133665075361,1.4037806301364542,1.1566723869502742,1.1566723869502744,0.19113343698039645,0.0,-1.1146591941968327,1.037044378288888,1.4511176545148703,0.17364590413538236,0.01986251915608919,1.510605842517197,0.667246983335489,1.4037806301364542,0.6083337567588956,0.6083337567588956,0.14436430857330437,0.0,-1.3144524909644393,0.48903575736714433,1.3190996558480839,0.173523885123104,0.03792082012018838,1.6027757055816456,0.812580600163442,1.4037806301364542,-0.08110133956416397,-0.08110133956416397,0.13359215546700834,0.0,-0.30797875702364896,0.3711794368141758,1.179028198368439,0.17254038115467984,0.05362334043455542,1.5195830574623819,0.9579142169913949,1.4037806301364542,-0.3351187402353905,-0.3351187402353905,0.14436430857330437,0.0,0.2956027720752323,0.47063549085988715,1.0767360502049128,0.16913690529545058,0.07391524024858344,1.34445941192767,1.1032478338193479,1.4037806301364542,-0.18507200099698132,-0.18507200099698132,-1.1121888372867896
-1.5432705844325418,0.0,-0.29271495838886197,1.4542049235421743,0.8268999706466147,-1.6578362641687985,-1.6286311630806505,0.5106690637730976,0.667246983335489,-0.6882861417901028,1.034438418927556,1.034438418927556,-1.5497397010496046,0.0,-0.19717387149074891,1.3442723845214035,0.9062429490310068,-1.6441465783781555,-1.6281921194880404,0.4482823830535949,0.812580600163442,-0.6882861417901028,0.9183531804330055,0.9183531804330054,-1.517364994197867,0.0,0.9495031843184688,1.6023442582141687,1.0215729891303074,-1.6243817786320154,-1.6367461183032053,0.39057910990093747,0.9579142169913949,-0.6882861417901028,1.4993019851218277,1.4993019851218274,-1.523845032227339,0.0,-0.19733872825282306,1.4865216671710202,1.0871488668986957,-1.6092583457760201,-1.6419234578426984,0.28661233185047763,1.1032478338193479,-0.6882861417901028,1.2802647227352761,1.2802647227352761,-1.5076376562120533,0.0,0.4718302469039088,1.6179257319533327,1.1577436030121153,-1.5921552677156199,-1.6423044925314816,0.2280452407521715,1.2485814506473008,-0.6882861417901028,1.405998247318495,1.4059982473184949,-1.4914157183135555,0.0,0.47201334641902637,1.7448068954291749,1.2314947156983802,-1.5739639142204098,-1.6427970626755077,0.13575902981091673,1.3939150674752538,-0.6882861417901028,1.6210785339150504,1.6210785339150502,-1.4946630182698974,0.0,-0.10192369800310566,1.678974958055844,1.2684783059252587,-1.5600709686303402,-1.6379992374049908,0.03741159524156901,1.5392486843032067,-0.6882861417901028,1.5683026025408902,1.5683026025408902,-1.4979066777554364,0.0,-0.1018262845037069,1.609830846696035,1.276241147525128,-1.5487181774307504,-1.631935715739943,-0.06657831941643821,1.6845823011311598,-0.6882861417901028,1.515585837009078,1.515585837009078,-1.5108813156975922,0.0,-0.3886333089992315,1.3303579435199904,1.2418289557500313,-1.541204429921135,-1.62395359290951,-0.16315458403287497,-1.6580908859117582,0.009069448852082836,1.3047187748818285,1.3047187748818287,-1.5141249751831312,0.0,-0.10187555219555296,1.2598341455527913,1.1939586274073788,-1.53776076254866,-1.6102662629152587,-0.24020785020652935,-1.5127572690838054,0.009069448852082836,1.2520020093500164,1.2520020093500164,-1.523845032227339,0.0,-0.2928600359337827,1.0445154865319242,1.1233160338632242,-1.535105728646267,-1.5993381006994862,-0.3244388095025367,-1.3674236522558523,0.009069448852082836,1.0754466909166165,1.0754466909166163,-1.5076376562120533,0.0,0.4718302469039088,1.2455608993040181,1.0867747349941905,-1.5317344806759952,-1.5878263145156044,-0.40263907070054217,-1.2220900354278994,0.009069448852082836,1.3307935569483509,1.3307935569483507,-0.8659229070818416
0.4745331675873004,0.0,-0.0062370756413969745,-0.8073563095361925,-0.5587198550442987,0.8326929356545156,0.5369962827971848,3.6866759712813937,1.3939150674752538,0.009069448852082836,-1.0897689810976083,-1.0897689810976081,0.49653617312107984,0.0,0.6040119134403403,-0.6535400736126965,-0.6998823733063305,0.8360075413748499,0.5147665218017743,3.401848167000047,1.5392486843032067,0.009069448852082836,-0.947287916968685,-0.9472879169686849,0.4745331675873004,0.0,-0.6160849401469443,-0.7648122108270928,-0.8462610819073855,0.8394195987992225,0.4906020749777339,3.2086968561568394,1.6845823011311598,0.009069448852082836,-1.0897689810976083,-1.0897689810976081,0.5811370741137172,0.0,2.9504011022673917,-0.06026031300138753,-0.7414015818072069,0.8175984102392452,0.48720811663661645,3.2307549275312466,-1.6580908859117582,0.7064250394942685,-0.3994524687072608,-0.3994524687072608,0.5406222745463064,0.0,-1.1263375088417706,-0.2849589140668837,-0.7310664351837343,0.7976427701993101,0.4801218330531692,3.0365324212818474,-1.5127572690838054,0.7064250394942685,-0.6618071614092442,-0.6618071614092442,0.5369453990352016,0.0,-0.10801341537859105,-0.3055423769572057,-0.7222496193872368,0.7658333204913478,0.48046839534699504,2.8414991115784387,-1.3674236522558523,0.7064250394942685,-0.6243303752226478,-0.6243303752226479,0.5737651207374923,0.0,1.0130488962024586,-0.06294373209635126,-0.6348497097397926,0.7614925852777217,0.4759340492335801,2.6751089941936717,-1.2220900354278994,0.7064250394942685,-0.2503891199318873,-0.2503891199318873,0.5737651207374923,0.0,-0.0062370756413969745,-0.06294373209635126,-0.5594989486852883,0.7519752822849238,0.4721413862632474,2.405675148248063,-1.0767564185999463,0.7064250394942685,-0.2503891199318873,-0.2503891199318873,0.5774529176610063,0.0,0.09574073441065976,-0.03653844575783745,-0.4871735045651119,0.7341861560459465,0.4721920391741519,2.2562711125499835,-0.9314228017719934,0.7064250394942685,-0.02928763472060972,-0.02928763472060972,0.5700773238139784,0.0,-0.21017028045752606,-0.09131056929378341,-0.439863336579652,0.7191213521595362,0.47137560152699587,2.217726886996548,-0.7860891849440405,0.7064250394942685,-0.09200695082174208,-0.09200695082174208,0.710708710936728,0.0,3.883038194625557,0.8105492389208808,-0.12077077107321106,0.7167544126808425,0.4722655053808955,2.615577722223499,-0.6407555681160876,0.7064250394942685,1.6738544652892102,1.6738544652892102,0.7404659192810552,0.0,0.8132872670464311,0.962665721690447,0.18893852204562953,0.6887044784952698,0.48888258869583223,2.612305253136624,-0.4954219512881346,0.7064250394942685,1.426797545063897,1.4267975450638966,1.6386715287620743
1.5486322352094744,0.0,-0.9502811138669329,-0.7034487179664052,0.0748390393676869,1.6242526981746928,1.6421136492821284,0.5953874952009451,0.667246983335489,-1.3856417324322885,-1.5479015144862334,-1.5479015144862336,1.5408270658076837,0.0,-0.2159774490440639,-0.7592497695958156,-0.11427590662678433,1.624739167249014,1.64123202300468,0.5253873873535756,0.812580600163442,-1.3856417324322885,-1.6813812884072472,-1.6813812884072472,1.5837991831671696,0.0,1.148770004390386,-0.32483023446714926,-0.17674458517329888,1.62080699762379,1.6495055144094284,0.5213806055316933,0.9579142169913949,-1.3856417324322885,-0.8953899199983401,-0.89538991999834,1.5916225549229757,0.0,0.20377851836968738,-0.24885838291192167,-0.20860243898427386,1.6210987735307727,1.647639408806765,0.4263901605123842,1.1032478338193479,-1.3856417324322885,-0.7642082292006744,-0.7642082292006745,1.587712689280474,0.0,-0.11117225581681153,-0.28399668959235047,-0.23925635917279237,1.6214899467308346,1.6452806891447584,0.33818474728016845,1.2485814506473008,-1.3856417324322885,-0.8297685530334771,-0.8297685530334772,1.5994532076203878,0.0,0.30889722235776135,-0.15810930833487533,-0.23774978202898023,1.6200997229704523,1.6423517046509248,0.22577596104362985,1.3939150674752538,-1.3856417324322885,-0.6329044521388884,-0.632904452138888,1.587712689280474,0.0,-0.3212643709858299,-0.2759887468547255,-0.2573760414981046,1.6155838289791342,1.6386307663443336,0.12136797181312671,1.5392486843032067,-1.3856417324322885,-0.8297685530334771,-0.8297685530334772,1.579889317524668,0.0,-0.21622889157946273,-0.35618610673764994,-0.28560975227788077,1.6142884968093347,1.6340361122862963,0.02437509308279808,1.6845823011311598,-1.3856417324322885,-0.9609502438311427,-0.9609502438311425,1.4940688588130009,0.0,-2.3103170025164896,-1.093883419898998,-0.47410238359819185,1.6194151819293872,1.6127824763653504,0.23832540136562616,-1.6580908859117582,-0.6882861417901028,-1.5276320305850926,-1.5276320305850923,1.5135380966678407,0.0,0.5177680462218494,-0.8536073909057443,-0.5783386270468008,1.6192315370833628,1.5992247914391722,0.2541413988536689,-1.5127572690838054,-0.6882861417901028,-1.2267872426909592,-1.2267872426909592,1.564253495425465,0.0,1.3579728660320414,-0.2870589627939454,-0.553746033245728,1.6167402813765488,1.595052177022653,0.3454705085414513,-1.3674236522558523,-0.6882861417901028,-0.5685448925325963,-0.5685448925325963,1.587712689280474,0.0,0.6238728740295258,-0.05179256517396401,-0.4822579846407261,1.6168202154925166,1.5953645874878613,0.3239389817341099,-1.2220900354278994,-0.6882861417901028,-0.009087589723583424,-0.009087589723583424,-0.7414648962370882
0.5663968078320705,0.0,0.6052607343413512,0.18853535214793515,-0.18536722229738783,0.47733490211397445,0.6167667791384485,-0.890354029994805,-1.6580908859117582,-0.6882861417901028,0.8337180349744145,0.8337180349744147,0.5737651207374923,0.0,0.1975619630953761,0.3397476027566811,-0.12828063792866357,0.4809792567017172,0.6175324318438818,-0.9482261981268963,-1.5127572690838054,-0.6882861417901028,1.1136653951055195,1.11366539510552,0.5663968078320705,0.0,-0.20999135752226425,0.1615731388822484,-0.09698533421640675,0.4830890407482016,0.6183648596857801,-0.91580714001967,-1.3674236522558523,-0.6882861417901028,0.7405746816959146,0.7405746816959147,0.5737651207374923,0.0,0.1975619630953761,0.3236790488926188,-0.057187847651720206,0.48580917810253915,0.620061108183275,-0.9574898113690513,-1.2220900354278994,-0.6882861417901028,1.1136653951055195,1.11366539510552,0.5811370741137172,0.0,0.19761787535099037,0.48355624399842917,-0.011175459071817488,0.48931818410073313,0.6217031504921612,-1.0105523655404092,-1.0767564185999463,-0.6882861417901028,1.4869404418715526,1.4869404418715524,0.5737651207374923,0.0,-0.21004724521915094,0.28246526566365693,0.010101768211567292,0.48545243401114363,0.6329805679766938,-1.0454675207811663,-0.9314228017719934,-0.6882861417901028,1.1136653951055195,1.11366539510552,0.5737651207374923,0.0,-0.0062370756413969745,0.28246526566365693,0.026297134502803292,0.4845002965267531,0.6391123497949935,-1.0634605148449292,-0.7860891849440405,-0.6882861417901028,0.9663126867839777,0.9663126867839775,0.6069734954031336,0.0,0.9120665603847141,0.9853185083933277,0.10382470044566591,0.49384167170311444,0.6348898110340019,-0.9650691460363661,-0.6407555681160876,-0.6882861417901028,1.6738544652892102,1.6738544652892102,0.6032820580088165,0.0,-0.10821461986059107,0.8746205377549437,0.15574199970000208,0.5003909967342752,0.6327381195943494,-0.9023633611005593,-0.4954219512881346,-0.6882861417901028,1.285735991633424,1.285735991633424,0.5848285115080343,0.0,-0.5160802663594016,0.3545215628779416,0.15788669497365435,0.5025037618071728,0.6328314592749245,-0.9017216378219142,-0.3500883344601816,-0.6882861417901028,0.39382871198631547,0.39382871198631547,0.5848285115080343,0.0,-0.0062370756413969745,0.3545215628779416,0.15740802704922377,0.5043743773312646,0.634647006083957,-0.9011825559420353,-0.2047547176322287,-0.6882861417901028,0.39382871198631547,0.39382871198631547,0.5848285115080343,0.0,-0.0062370756413969745,0.3545215628779416,0.15487947249303424,0.5059048372813655,0.6368050560776826,-0.8863815674426497,-0.05942110080427573,-0.6882861417901028,0.33000436311013437,0.33000436311013437,0.29943096047640355
0.7889351475531828,0.0,-0.31391999107036905,-0.9585049073383748,-0.1299039751171166,0.7523491556176723,0.9064828900169105,-1.181856070548252,-1.0767564185999463,-0.6882861417901028,-1.6813812884072472,-1.6813812884072472,0.8076107627729526,0.0,0.5069046141024821,-0.375008723625922,-0.1432323027559955,0.7515822450969882,0.9042504421807781,-1.1891839599899836,-0.9314228017719934,-0.6882861417901028,-0.6342734032349132,-0.6342734032349132,0.8113495262877096,0.0,0.09643450432437335,-0.2668801586390385,-0.14502803301228284,0.751452005227208,0.9028794380284626,-1.152277734043584,-0.7860891849440405,-0.6882861417901028,-0.19185913651474243,-0.19185913651474243,0.8001368762142416,0.0,-0.3141177723277716,-0.542705499140208,-0.16725709163307187,0.7520766746515996,0.9015001169267466,-1.117865657039055,-0.6407555681160876,-0.6882861417901028,-0.7507928874685575,-0.7507928874685574,0.7740055767897762,0.0,-0.7239972208961479,-1.0825266062347034,-0.23466652660874482,0.7560072829176308,0.8919153759452509,-1.07154016803963,-0.4954219512881346,-0.6882861417901028,-1.5218971181448253,-1.5218971181448253,0.7479143225441447,0.0,-0.7234521368851137,-1.5007627188996684,-0.33662651086335715,0.7633124457421332,0.8763133604684473,-0.999724003528004,-0.3500883344601816,-0.6882861417901028,-1.2496968694880974,-1.2496968694880977,0.7330211564887689,0.0,-0.4159477995037308,-1.7026605587666834,-0.4424076152481666,0.7697353605191525,0.8597287648108862,-1.005775114865685,-0.2047547176322287,-0.6882861417901028,-1.576897576524564,-1.5768975765245643,0.7367453581203135,0.0,0.09626090564568256,-1.5805849471026236,-0.5132571729453109,0.7727233457889462,0.8473524146013144,-1.0113940039649605,-0.05942110080427573,-0.6882861417901028,-1.4655443234399854,-1.4655443234399852,0.7665462521142775,0.0,0.8138565614546102,-0.7123923960920391,-0.5044991477565782,0.7714135663110281,0.8426710682471238,-0.8856924747831445,0.08591251602367722,-0.6882861417901028,-0.5268199741307622,-0.526819974130762,0.8150882898024666,0.0,1.3284161479460486,0.29540999368982557,-0.39650636800929073,0.76939691100073,0.842823414833296,-0.7976698582313221,0.23124613285163018,-0.6882861417901028,0.9779127562536236,0.9779127562536238,0.7516385241756894,0.0,-1.7482692095730328,-0.6973490019680894,-0.43288240282932117,0.7662134866435419,0.8370287445201792,-0.5850155023734865,0.37657974967958313,-0.6882861417901028,-0.9889379080533706,-0.9889379080533703,0.7553627258072342,0.0,0.0962043303767338,-0.6297586731969863,-0.4494633187013533,0.7609267909008365,0.8333496685778075,-0.6061326189421085,0.5219133665075361,-0.6882861417901028,-0.8734930615569534,-0.8734930615569536,-0.9274058325042919
0.3431340144211464,0.0,-0.107490555467626,0.18461550132549545,0.530392564413534,0.318438949585273,0.40134937078130695,-0.7447595489989552,-1.2220900354278994,-0.6882861417901028,-1.0115084701817496,-1.0115084701817494,0.3504076750856883,0.0,0.19629198684712104,0.3482063183210221,0.4698617901711006,0.30839038729108886,0.4194816366143354,-0.8135993631336669,-1.0767564185999463,-0.6882861417901028,-1.0900816556994803,-1.0900816556994803,0.3431340144211464,0.0,-0.20872193728142985,0.1559098479899264,0.40237699037272884,0.3056426473321027,0.42516564068178186,-0.8633352432626985,-0.9314228017719934,-0.6882861417901028,-1.4842814108379916,-1.4842814108379916,0.37953144151028056,0.0,1.0072191639787889,0.8930565389737798,0.41634726483324774,0.3070100179887073,0.42744295090170836,-0.7675511092410705,-0.7860891849440405,-0.6882861417901028,0.6128286972667907,0.6128286972667909,0.41965671070176247,0.0,1.1097987580793869,1.4670123507009591,0.5013289921353884,0.31429106377590604,0.42925352786090665,-0.6923694733398573,-0.6407555681160876,-0.6882861417901028,1.6738544652892102,1.6738544652892102,0.478199121685996,0.0,1.6200929734333487,2.0339435916126885,0.6773029254882955,0.3372204699303859,0.4219142508563164,-0.5505446557529011,-0.4954219512881346,-0.6882861417901028,1.5133832041174062,1.5133832041174062,0.4708708539594079,0.0,-0.20946285468200518,1.855706198609101,0.7926421314165459,0.3530889492771556,0.4194902609490738,-0.5329978639261138,-0.3500883344601816,-0.6882861417901028,1.3529916208309904,1.3529916208309904,0.42330810291724574,0.0,-1.3255249651706444,0.8545834342237888,0.7798049223361536,0.35740130390125474,0.42064028565415884,-0.4455005731463523,-0.2047547176322287,-0.6882861417901028,0.3120000482343574,0.3120000482343574,0.3686027481594523,0.0,-1.5258061316769176,0.007822131958470098,0.6526032306597308,0.3569254910239497,0.41929049602053936,-0.3221045047344439,-0.05942110080427573,-0.6882861417901028,-0.8853195354938941,-0.8853195354938942,0.3540445054179593,0.0,-0.4112896962720459,-0.18268752660570808,0.5164331697394987,0.35659132411151495,0.4163365087806441,-0.12332468001428032,0.08591251602367722,-0.6882861417901028,-0.6984495292296836,-0.6984495292296836,0.3540445054179593,0.0,-0.0062370756413969745,-0.18268752660570808,0.403502240127337,0.3567415117333899,0.4154546803391553,-0.0804268453783993,0.23124613285163018,-0.6882861417901028,-0.6984495292296836,-0.6984495292296836,0.3576813357502302,0.0,0.09499430858345173,-0.12592961592803967,0.31723864305989186,0.355297849267255,0.41288504872752846,-0.11151296290565342,0.37657974967958313,-0.6882861417901028,-0.6328331692284549,-0.632833169228455,1.0088917114281197
1.7844437314785946,0.0,-0.7454471170660072,-0.1328451738786099,-0.20740082608608673,1.7654962405282724,1.8436828139886379,0.5819995137425744,-0.6407555681160876,0.009069448852082836,0.0980755916912075,0.0980755916912075,1.7646686940762966,0.0,-0.5340267697887143,-0.34263810465851186,-0.24119639524515357,1.7503642525460739,1.8469740940473784,0.6379671410858984,-0.4954219512881346,0.009069448852082836,-0.4260262232355835,-0.4260262232355835,1.7330766884472202,0.0,-0.8498979657910616,-0.6545183087397412,-0.3275956790239937,1.7472931304896924,1.8393390647973036,0.628176908146515,-0.3500883344601816,0.009069448852082836,-1.2633155365519848,-1.263315536551985,1.729134058567491,0.0,-0.11162038234852843,-0.6923937771159566,-0.39969006275522606,1.7497427940592847,1.8309227662150787,0.5264954221559595,-0.2047547176322287,0.009069448852082836,-1.3678078534823446,-1.3678078534823448,1.7686222453684348,0.0,1.0493701092598404,-0.18154338483900634,-0.374094884729706,1.743072778839199,1.830878441132224,0.6016227032799191,-0.05942110080427573,0.009069448852082836,-0.3212444539037546,-0.3212444539037546,1.7686222453684348,0.0,-0.0062370756413969745,-0.18154338483900634,-0.3501381991625117,1.7313081609507022,1.8343696344485654,0.6254434974716404,0.08591251602367722,0.009069448852082836,-0.3212444539037546,-0.3212444539037546,1.7488654103201522,0.0,-0.5337810589974799,-0.4082677369527354,-0.3667054820347647,1.7294620076867535,1.8310671515208752,0.6011113176022298,0.23124613285163018,0.009069448852082836,-0.8448638481614303,-0.8448638481614301,1.74491913996962,0.0,-0.11166973145647777,-0.45353701357183007,-0.3836496686374812,1.7283023498687262,1.8274721792554092,0.5935276133202069,0.37657974967958313,0.009069448852082836,-0.596283768062861,-0.5962837680628612,1.6897332430658207,0.0,-1.480808361096367,-1.0185135164961305,-0.5017581294999,1.733548639716726,1.8122843103313704,0.9547460750134773,0.5219133665075361,0.009069448852082836,-0.6673471115362566,-0.6673471115362568,1.709420909168845,0.0,0.5206562444771926,-0.7288233850664081,-0.550104099417636,1.731697864764252,1.804628804689188,0.8602277786193331,0.667246983335489,0.009069448852082836,-0.36836680249044274,-0.36836680249044274,1.6857978941276976,0.0,-0.6380917711476845,-0.9553156610308183,-0.6286653780442282,1.729823956102303,1.7938293003904897,0.8494018365305448,0.812580600163442,0.009069448852082836,-0.7271100024531436,-0.7271100024531436,1.6936685920039438,0.0,0.20442725227244316,-0.8349852716134429,-0.6678879565027104,1.7222578617653084,1.7883574060390572,0.7930965013338245,0.9579142169913949,0.009069448852082836,-0.6075842206193697,-0.6075842206193697,-0.21650107090001433
1.816126748877748,0.0,0.7337697231324695,-0.8115415930328653,-2.204098594945652,2.1077815345721906,1.7551706740004456,2.1484111342336702,-1.0767564185999463,0.009069448852082836,-0.11539486056150723,-0.11539486056150723,1.7765293479527118,0.0,-1.0621172282857587,-0.9965307078365826,-2.1956531867558216,2.082335866832343,1.7454952541382425,2.1240042483055026,-0.9314228017719934,0.009069448852082836,-0.23186733886185684,-0.23186733886185684,1.8081978034686528,0.0,0.8391767846368229,-0.7583086616831852,-2.101913401580417,2.0529723553675603,1.7437543503300912,2.0240304378109624,-0.7860891849440405,0.009069448852082836,0.16538602157727691,0.16538602157727691,1.7963153067674191,0.0,-0.3231607104168768,-0.819445236812135,-2.0283131761790805,2.021966295693034,1.7436888945169267,2.0244130134232265,-0.6407555681160876,0.009069448852082836,0.12440811829634928,0.12440811829634928,1.891608270508685,0.0,2.5362346747545916,-0.1440291411025469,-1.759943878544206,1.9981090329711217,1.7500344989892562,2.1178274507892194,-0.4954219512881346,0.009069448852082836,1.1849948595747317,1.1849948595747317,1.90754261121374,0.0,0.41773856726050673,-0.04216028985543345,-1.4985584265967202,1.970152500734543,1.7608958093597429,2.113214360411786,-0.3500883344601816,0.009069448852082836,1.1755347275397718,1.1755347275397714,1.8478680138097503,0.0,-1.5933136820770235,-0.3992393857800308,-1.3947500961384194,1.933013619222412,1.774607587177392,2.138809691914727,-0.2047547176322287,0.009069448852082836,0.6789116036834489,0.6789116036834487,1.8756884916868422,0.0,0.7349306824709183,-0.20876116212990287,-1.2430123999805198,1.9034824907594163,1.7874885570202401,2.1623495693662917,-0.05942110080427573,0.009069448852082836,0.9104388067404291,0.9104388067404289,1.8637623093359716,0.0,-0.32370991715515846,-0.2830604976792362,-1.1338464244827855,1.8919740741515492,1.7902747928464506,2.0295306758556846,0.08591251602367722,0.009069448852082836,0.5343389255617184,0.5343389255617181,1.6661357113202948,0.0,-5.268822537282541,-1.244081132202173,-1.425543175903475,1.87317264861577,1.7753416102843929,2.5529268344575833,0.23124613285163018,0.009069448852082836,-1.6813812884072472,-1.6813812884072472,1.6936685920039438,0.0,0.73111656388004,-1.0480634849399884,-1.583890455419482,1.863052302877395,1.7620581700820601,2.7129960765286305,0.37657974967958313,0.009069448852082836,-1.1198657124378941,-1.119865712437894,1.6936685920039438,0.0,-0.0062370756413969745,-1.048063484939989,-1.6902613867785783,1.853458256778713,1.7502465586637912,2.754840240474844,0.5219133665075361,0.009069448852082836,-1.1198657124378941,-1.119865712437894,-0.6371406834880438
0.8600226209248094,0.0,0.09658632085172951,-1.181534087992733,-1.130171821090343,0.9755297837676786,0.8949887696085933,-0.31982386984322864,1.2485814506473008,0.7064250394942685,-0.7508415580087693,-0.7508415580087694,0.8637686653811726,0.0,0.09647510910497022,-1.1075909560251542,-1.0990180540315846,0.9639344906690929,0.8903970872219098,-0.4030685033911076,1.3939150674752538,0.7064250394942685,-0.5015496946371202,-0.50154969463712,0.8675219907791419,0.0,0.09666335232651209,-1.0301517915978131,-1.0550422739639014,0.950267020705971,0.8882686979108406,-0.509621162871488,1.5392486843032067,0.7064250394942685,0.13681753226940513,0.13681753226940513,0.8675219907791419,0.0,-0.0062370756413969745,-1.0301517915978127,-1.00892474760321,0.9316922131643913,0.8899408362280593,-0.5939074804994486,1.6845823011311598,0.7064250394942685,0.13681753226940513,0.13681753226940513,0.8712716757063081,0.0,0.09655214561959569,-0.9433329702990898,-0.9542591090935322,0.9086016517702555,0.8961558738980381,-0.6721733468682692,-1.6580908859117582,1.4037806301364542,0.23267875182801226,0.23267875182801226,0.8450311621577505,0.0,-0.7254823489845322,-1.2939442051660452,-0.952670134650868,0.8821371898252169,0.9035141520674562,-0.6717562192622315,-1.5127572690838054,1.4037806301364542,-0.32116158589200366,-0.32116158589200366,0.8450311621577505,0.0,-0.0062370756413969745,-1.2939442051660452,-0.9409282781025692,0.8568038758748951,0.912014101225245,-0.7445324664608608,-1.3674236522558523,1.4037806301364542,-0.006146213357636739,-0.006146213357636739,0.8487772066141137,0.0,0.09652063495367662,-1.1949995355871916,-0.9139772132270961,0.8162882864299694,0.9354169829424992,-0.8120962092827296,-1.2220900354278994,1.4037806301364542,0.12290131563068857,0.12290131563068857,0.8487772066141137,0.0,-0.0062370756413969745,-1.1949995355871916,-0.882805717979716,0.8151960902336187,0.9327507607487061,-0.8602069348815039,-1.0767564185999463,1.4037806301364542,-0.6958885710308407,-0.6958885710308407,0.8600226209248094,0.0,0.3022016183179614,-0.8777777054722773,-0.826503043759506,0.8078714056059151,0.9344704841378357,-0.9048811800803659,-0.9314228017719934,1.4037806301364542,-0.3405028093837374,-0.3405028093837374,0.8825316519002161,0.0,0.610934390138271,-0.3111023079231245,-0.7289366193552047,0.7982950463595865,0.9399617580490846,-0.9024122959589905,-0.7860891849440405,1.4037806301364542,1.4152775630552663,1.4152775630552663,0.8825316519002161,0.0,-0.0062370756413969745,-0.3111023079231245,-0.644548424692027,0.7894324776700016,0.9454897723814304,-0.8561676488973948,-0.6407555681160876,1.4037806301364542,1.001895447708614,1.001895447708614,0.7138082584024882
0.19113343698039645,0.0,0.4975878025611039,-0.6187178020797353,-0.619112138702611,0.13875522304581114,0.2597634873591294,-1.0396847419052935,-0.3500883344601816,0.7064250394942685,-0.27028415890177204,-0.27028415890177204,0.20915740792641596,0.0,0.4979253374717009,-0.12411805543104495,-0.5355435824728271,0.12756884996670553,0.2663137709862976,-1.0597097062220742,-0.2047547176322287,0.7064250394942685,0.6129449040794677,0.612944904079468,0.2055497013605696,0.0,-0.10709621555146484,-0.21155012836131815,-0.47144191953978576,0.1214712101969965,0.2695551989525099,-1.0923349093096972,-0.05942110080427573,0.7064250394942685,0.8340389349475781,0.8340389349475781,0.14436430857330437,0.0,-1.7169574203670774,-1.3143375173758558,-0.5368854970879131,0.12119480584143334,0.2618798288379189,-0.7719501126583259,0.08591251602367722,0.7064250394942685,-0.7579509087651368,-0.7579509087651369,0.1120660516084316,0.0,-0.9109522487482141,-1.6940279868777466,-0.6461035219420485,0.12966898950956393,0.24396187352139187,-0.5040732416662987,0.23124613285163018,0.7064250394942685,-0.4717186936845653,-0.4717186936845653,0.09772987758592606,0.0,-0.4082034761683991,-1.839635486047573,-0.7529457429604949,0.1388039846800839,0.22610988131700452,-0.4092267287335373,0.37657974967958313,0.7064250394942685,-0.7567624525415496,-0.7567624525415496,0.12282728330231842,0.0,0.697764319561218,-1.2150364847475974,-0.7789324923966878,0.14012508832120238,0.21792206705154818,-0.36279231464547834,0.5219133665075361,0.7064250394942685,-0.2577549173561637,-0.2577549173561637,0.09056543104547637,0.0,-0.910520501857214,-1.5723011565717173,-0.8544068750753949,0.14301798512658637,0.2034653645536475,-0.33371943879118043,0.667246983335489,0.7064250394942685,-0.8992119490957764,-0.8992119490957766,0.09056543104547637,0.0,-0.0062370756413969745,-1.5723011565717173,-0.9041621018507017,0.14279649461157864,0.19178234804525818,-0.3906937420344142,0.812580600163442,0.7064250394942685,-0.8992119490957764,-0.8992119490957766,0.09056543104547637,0.0,-0.0062370756413969745,-1.5723011565717162,-0.9331999816729368,0.1431473514042022,0.18133254980115676,-0.45750123650487373,0.9579142169913949,0.7064250394942685,-0.8992119490957764,-0.8992119490957766,0.09772987758592606,0.0,0.1947746618313949,-1.380091489232646,-0.931544665921419,0.14140693877327162,0.17370772829900882,-0.5335389584386243,1.1032478338193479,0.7064250394942685,-0.7567624525415496,-0.7567624525415496,0.10489796459717883,0.0,0.19483323871234898,-1.1873864279099045,-0.9058536584633695,0.13588821490301548,0.16915961394262366,-0.6180908018522822,1.2485814506473008,0.7064250394942685,-0.6142405731130575,-0.6142405731130575,-0.30772575166122607
-1.5432705844325418,0.0,-1.1521599415420976,-1.5863762462051494,-1.5466789885990622,-1.3739884881247548,-1.457143612782256,0.15296362746622866,0.37657974967958313,0.009069448852082836,-1.075307228079,-1.0753072280790001,-1.5141249751831312,0.0,0.8539992707680695,-1.1662890685162917,-1.530932802798653,-1.3798549525637747,-1.4679221419894706,0.19238673421377672,0.5219133665075361,0.009069448852082836,-0.6847857852630687,-0.6847857852630688,-1.4751755780610423,0.0,1.1422944045716004,-0.662337949929374,-1.4246876881774944,-1.3844798849377036,-1.472755105351466,0.22922112085195223,0.667246983335489,0.009069448852082836,-0.16290358232931293,-0.16290358232931293,-1.4979066777554364,0.0,-0.6756981337395346,-0.8546714523082024,-1.370404668945179,-1.3880591163481242,-1.4799388234966786,0.21282629752581464,0.812580600163442,0.009069448852082836,-0.467477138280184,-0.467477138280184,-1.4751755780610423,0.0,0.6637073915544602,-0.5706910116537192,-1.2677842907000882,-1.3935873248138726,-1.4835340713072043,0.14706115468310696,0.9579142169913949,0.009069448852082836,-0.16290358232931293,-0.16290358232931293,-1.4849211184008715,0.0,-0.293256174380837,-0.6607337221403641,-1.1925172714240924,-1.400154121894979,-1.4873901710692432,0.16225292120286666,1.1032478338193479,0.009069448852082836,-0.2934838849046623,-0.2934838849046623,-1.465422756779607,0.0,0.5681932599092411,-0.41101862128713373,-1.0818597096917277,-1.4082560523742569,-1.4883994163926013,0.10014276539951686,1.2485814506473008,0.009069448852082836,0.1340200110314035,0.1340200110314035,-1.4589208759253167,0.0,0.1851926811916267,-0.32779760325826957,-0.9703690766986989,-1.4204616422135072,-1.4865953500948768,-0.02086743492165726,1.3939150674752538,0.009069448852082836,0.5888416220956401,0.5888416220956403,-1.4589208759253167,0.0,-0.0062370756413969745,-0.32779760325826957,-0.8723202347666851,-1.4354341442453817,-1.4826627828507803,-0.10785685280208906,1.5392486843032067,0.009069448852082836,1.1720320828226034,1.1720320828226036,-1.471924637633897,0.0,-0.38901761060621426,-0.4816959485874421,-0.8115679437293692,-1.4482229666968667,-1.4802626870773352,-0.21402413854286406,1.6845823011311598,0.009069448852082836,0.941716647205205,0.9417166472052051,-1.4751755780610423,0.0,-0.10197170688273749,-0.5209334902720613,-0.7614930303824416,-1.4652604693616103,-1.474896679228638,-0.24929996452352332,-1.6580908859117582,0.7064250394942685,0.8685683957452568,0.8685683957452569,-1.471924637633897,0.0,0.08950743507001845,-0.4672513730596886,-0.7075303044743996,-1.4883045720523957,-1.4641423165465175,-0.33268267300658166,-1.5127572690838054,0.7064250394942685,0.8528651648473864,0.8528651648473865,-0.580354807396978
0.5553443384739377,0.0,0.1974724039660594,-0.06983434974282109,-0.2452985735357271,0.4744303120320506,0.6156264925735687,-0.85959921138714,1.5392486843032067,-1.3856417324322885,0.6394011412499391,0.6394011412499392,0.5443027905282142,0.0,-0.31173421875429086,-0.3076718612754539,-0.23744414701663613,0.4746077317988036,0.6158173535502941,-0.9053535388034221,1.6845823011311598,-1.3856417324322885,0.13381882391911312,0.13381882391911312,0.5663968078320705,0.0,0.6052607343413512,0.18853535214793515,-0.18536722229738783,0.47733490211397445,0.6167667791384485,-0.890354029994805,-1.6580908859117582,-0.6882861417901028,0.8337180349744145,0.8337180349744147,0.5737651207374923,0.0,0.1975619630953761,0.3397476027566811,-0.12828063792866357,0.4809792567017172,0.6175324318438818,-0.9482261981268963,-1.5127572690838054,-0.6882861417901028,1.1136653951055195,1.11366539510552,0.5663968078320705,0.0,-0.20999135752226425,0.1615731388822484,-0.09698533421640675,0.4830890407482016,0.6183648596857801,-0.91580714001967,-1.3674236522558523,-0.6882861417901028,0.7405746816959146,0.7405746816959147,0.5737651207374923,0.0,0.1975619630953761,0.3236790488926188,-0.057187847651720206,0.48580917810253915,0.620061108183275,-0.9574898113690513,-1.2220900354278994,-0.6882861417901028,1.1136653951055195,1.11366539510552,0.5811370741137172,0.0,0.19761787535099037,0.48355624399842917,-0.011175459071817488,0.48931818410073313,0.6217031504921612,-1.0105523655404092,-1.0767564185999463,-0.6882861417901028,1.4869404418715526,1.4869404418715524,0.5737651207374923,0.0,-0.21004724521915094,0.28246526566365693,0.010101768211567292,0.48545243401114363,0.6329805679766938,-1.0454675207811663,-0.9314228017719934,-0.6882861417901028,1.1136653951055195,1.11366539510552,0.5737651207374923,0.0,-0.0062370756413969745,0.28246526566365693,0.026297134502803292,0.4845002965267531,0.6391123497949935,-1.0634605148449292,-0.7860891849440405,-0.6882861417901028,0.9663126867839777,0.9663126867839775,0.6069734954031336,0.0,0.9120665603847141,0.9853185083933277,0.10382470044566591,0.49384167170311444,0.6348898110340019,-0.9650691460363661,-0.6407555681160876,-0.6882861417901028,1.6738544652892102,1.6738544652892102,0.6032820580088165,0.0,-0.10821461986059107,0.8746205377549437,0.15574199970000208,0.5003909967342752,0.6327381195943494,-0.9023633611005593,-0.4954219512881346,-0.6882861417901028,1.285735991633424,1.285735991633424,0.5848285115080343,0.0,-0.5160802663594016,0.3545215628779416,0.15788669497365435,0.5025037618071728,0.6328314592749245,-0.9017216378219142,-0.3500883344601816,-0.6882861417901028,0.39382871198631547,0.39382871198631547,-0.0062332911563055815
0.8750250011042775,0.0,-0.41761921127405993,1.8980394086042411,1.1947258435692114,0.8251054941915296,0.7113534824388076,-0.8226981031313086,-1.5127572690838054,1.4037806301364542,1.352291771456617,1.352291771456617,0.8862886177689885,0.0,0.30246133534628267,2.0021669335681826,1.2247217065675486,0.8358828214833433,0.7240879762223185,-0.8113729961610376,-1.3674236522558523,1.4037806301364542,1.4792651264275656,1.4792651264275654,0.8900419431669578,0.0,0.0965949221911538,2.03702188225683,1.2413089320509285,0.8433724261207582,0.7408817616714465,-0.8594075707910622,-1.2220900354278994,1.4037806301364542,1.5333352883797386,1.5333352883797384,0.8825316519002161,0.0,-0.21197800795903918,1.8156438384841993,1.224986080575775,0.8491526219212618,0.7560386784425722,-0.918666541979906,-1.0767564185999463,1.4037806301364542,1.3869342200496735,1.3869342200496735,0.8787783265022469,0.0,-0.10908048323255341,1.703119876203039,1.1904750183304624,0.8507281743722834,0.7754245059397487,-0.9737069305178341,-0.9314228017719934,1.4037806301364542,1.282069754774499,1.2820697547744992,0.8675219907791419,0.0,-0.3147017399274574,1.3678238576142172,1.127308718306952,0.8505424252938286,0.7932191368650843,-0.9663361223706411,-0.7860891849440405,1.4037806301364542,0.9651651755481576,0.9651651755481576,0.908834053452426,0.0,1.1262406747184435,1.8596499825585555,1.1460944454681854,0.8480853785175347,0.8200552672144011,-0.8130226305140471,-0.6407555681160876,1.4037806301364542,1.6738544652892102,1.6738544652892102,0.908834053452426,0.0,-0.0062370756413969745,1.8596499825585555,1.1473919962535364,0.846474533177748,0.8426867631382858,-0.8315716948894947,-0.4954219512881346,1.4037806301364542,1.5536672632097162,1.5536672632097164,0.9050734471128505,0.0,-0.10920000440503762,1.7453872059708795,1.1275559950355838,0.8465793407049855,0.8594805224486683,-0.7900604676365431,-0.3500883344601816,1.4037806301364542,0.7686303037914226,0.7686303037914228,0.8975558749045026,0.0,-0.21208610390595217,1.513985280571806,1.083978396742599,0.8440245660605908,0.8770761853266884,-0.7955658468885598,-0.2047547176322287,1.4037806301364542,0.41354030817080023,0.41354030817080023,0.8825316519002161,0.0,-0.41772737544106836,1.0744043373359076,1.0074907590788789,0.8355444061685732,0.899129771843363,-0.7861219541996219,-0.05942110080427573,1.4037806301364542,-0.14580118300327,-0.14580118300327,0.908834053452426,0.0,0.7144647864790088,1.4538915044803487,0.9876008002627277,0.829750737848788,0.9192484024083433,-0.7334147144735769,0.08591251602367722,1.4037806301364542,0.7969708766066235,0.7969708766066236,-0.4179386806112371
-0.2391228858225139,0.0,-0.30460813201937953,-0.9841381347270347,-1.9943925711570205,-0.19056431846556526,-0.20354928647899345,1.2421332351914642,-1.5127572690838054,0.7064250394942685,-0.13861499209035943,-0.13861499209035943,-0.18287033097341399,0.0,1.5879256359842224,-0.49986717982698037,-1.8229311851915266,-0.18897441477436672,-0.2016181170751266,1.2082460305316793,-1.3674236522558523,0.7064250394942685,0.6882606517073705,0.6882606517073704,-0.1687780684947144,0.0,0.3924439229671721,-0.38503090409812524,-1.6403861397385957,-0.1874839208222123,-0.20135068190952718,1.0672753876192653,-1.2220900354278994,0.7064250394942685,0.6429841987670997,0.6429841987670997,-0.1793499957068414,0.0,-0.30519660227113216,-0.45801821997377884,-1.4998838219494695,-0.21017288134432044,-0.18986074714289203,0.9501774536214698,-1.0767564185999463,0.7064250394942685,0.12177443512998204,0.12177443512998204,-0.15467124413280256,0.0,0.6918689448593157,-0.24269166061573866,-1.3243957294085171,-0.21625247950003798,-0.18692987321538432,0.8415004617880943,-0.9314228017719934,0.7064250394942685,0.7246940686437869,0.7246940686437869,-0.14055349835848147,0.0,0.3928217281773179,-0.12016830690872748,-1.144326910823665,-0.21495611454929994,-0.18752614445229204,0.7131497697376573,-0.7860891849440405,0.7064250394942685,1.0696007420125042,1.0696007420125042,-0.13702224167949967,0.0,0.09353616267508957,-0.08837454894334033,-0.983601449337769,-0.20954704113005926,-0.17955413690394142,0.7734960949090581,-0.6407555681160876,0.7064250394942685,0.5744170588428675,0.5744170588428673,-0.08396237972469568,0.0,1.4927717728657548,0.3650041016046713,-0.7421753128362252,-0.20315612024415416,-0.16267817370166618,0.7882638465027503,-0.4954219512881346,0.7064250394942685,1.5390130961451576,1.5390130961451578,-0.1476160117164451,0.0,-1.8016326724052563,-0.18239680628820107,-0.6704723909223119,-0.20377276214660345,-0.15075794524970237,0.8156665279314699,-0.3500883344601816,0.7064250394942685,0.3274502289900928,0.3274502289900928,-0.12288993402196628,0.0,0.6925315999352256,0.02567492175798314,-0.558245597784768,-0.19902834157371352,-0.14421823579710108,0.8134625174000985,-0.2047547176322287,0.7064250394942685,0.7980784814188719,0.7980784814188717,-0.11228524257261163,0.0,0.29323012837135226,0.11489060919560797,-0.44340047608261435,-0.19130077743091375,-0.14561995913134332,0.6873133497391105,-0.05942110080427573,0.7064250394942685,0.9999247857953488,0.999924785795349,-0.06269110882233413,0.0,1.3938059516783854,0.5090809590907687,-0.2509122130223712,-0.1729786455076327,-0.1505894600949746,0.6946750515163779,0.08591251602367722,0.7064250394942685,1.6738544652892102,1.6738544652892102,1.398145135761611
0.3686027481594523,0.0,-0.10751449627334807,-0.6133411996062048,-0.27523387553593404,0.3354719433234105,0.4492620764671412,-0.5856423773928661,-1.3674236522558523,0.009069448852082836,-0.5161866984149278,-0.5161866984149278,0.36496227735637826,0.0,-0.10752555291838156,-0.6638678305620561,-0.31708950851577966,0.3349161657685953,0.4465294019086479,-0.6374172909141772,-1.2220900354278994,0.009069448852082836,-1.1525075353674241,-1.1525075353674243,0.3540445054179593,0.0,-0.3100343851145368,-0.8171476591903307,-0.3681621156969974,0.33394766023819894,0.44238341742935045,-0.6996950017568822,-1.0767564185999463,0.009069448852082836,-1.6813812884072472,-1.6813812884072472,0.34677084475341735,0.0,-0.20869984409130038,-0.9186485867353866,-0.4186865406653501,0.3348314769721152,0.44039814275962913,-0.7433801032739125,-0.9314228017719934,0.009069448852082836,-1.3901919462177972,-1.390191946217797,0.36132180655330426,0.0,0.39887819849815626,-0.6019563993246893,-0.42516007831838354,0.33332181191911875,0.4437441893781328,-0.755542829536751,-0.7860891849440405,0.009069448852082836,-0.8076675214273905,-0.8076675214273903,0.38317191231335457,0.0,0.6018291324214067,-0.16848342959064933,-0.38265063068231825,0.333408583752007,0.4451194891977215,-0.7098055518308409,-0.6407555681160876,0.009069448852082836,0.06706642843300982,0.06706642843300982,0.3758873302364034,0.0,-0.20882680604207673,-0.29377885124474185,-0.35971221141367093,0.3304744759712925,0.45172723388034247,-0.7241534452581624,-0.4954219512881346,0.009069448852082836,-0.2245601349909589,-0.2245601349909589,0.3576813357502302,0.0,-0.5126701187338081,-0.593331625406023,-0.37390938750300406,0.33132077950587224,0.44904729959804063,-0.709230689354573,-0.3500883344601816,0.009069448852082836,-0.9534079329336219,-0.953407932933622,0.3722432189625263,0.0,0.3990495711661666,-0.29441532955184685,-0.3524101455646365,0.3262181204680514,0.4490585185417218,-0.6811302361406053,-0.2047547176322287,0.009069448852082836,-0.37044628690869663,-0.37044628690869663,0.39046377533191184,0.0,0.5006564146212479,0.05140791483949962,-0.29597247485169914,0.32555212760207647,0.44899704158300363,-0.7117699748492927,-0.05942110080427573,0.009069448852082836,0.553739598143495,0.5537395981434953,0.38681966405803475,0.0,-0.10756041613789477,-0.017714691460398564,-0.25592916131810595,0.3236627970314056,0.4490686977229691,-0.6976181445028966,0.08591251602367722,0.009069448852082836,0.49793763240923433,0.4979376324092346,0.3722432189625263,0.0,-0.4115747043241689,-0.2901861349840777,-0.250749066526769,0.32220286699350165,0.44797738550045496,-0.6560609473156949,0.23124613285163018,0.009069448852082836,-0.1733442322687555,-0.1733442322687555,-0.6145160796492977
-1.5303214297860077,0.0,-0.38833302038521056,-0.7591812650041605,-0.3142278962322765,-1.5900569897049295,-1.4344582457670476,-0.9026240804174586,-1.0767564185999463,1.4037806301364542,-1.234535622452314,-1.234535622452314,-1.5594415557397967,0.0,-0.8653673669422823,-1.3290698164215917,-0.3767349244598075,-1.5855491048595616,-1.4448493861380354,-0.8512519439397226,-0.9314228017719934,1.4037806301364542,-1.6813812884072472,-1.6813812884072472,-1.5723652270907096,0.0,-0.38787720097799144,-1.5355984311444575,-0.44726399984265514,-1.5799622966103755,-1.4569730734674944,-0.8794110167892004,-0.7860891849440405,1.4037806301364542,-1.6813812884072472,-1.6813812884072472,-1.5270850512420748,0.0,1.3314511678981373,-0.2825459933692957,-0.4084765033430471,-1.5805731969204309,-1.4576590831758294,-0.8045611766737069,-0.6407555681160876,1.4037806301364542,0.27384839227474955,0.27384839227474955,-1.5043976371973176,0.0,0.6630402113384712,0.18242183202136977,-0.3290447992973089,-1.5805731969204309,-1.4576590831758294,-0.6839909381828275,-0.4954219512881346,1.4037806301364542,0.7462365817490408,0.7462365817490408,-1.517364994197867,0.0,-0.3884975409287434,-0.07973968793124915,-0.2889979554650036,-1.5829867487925007,-1.4571823907013286,-0.7238274066260554,-0.3500883344601816,1.4037806301364542,0.2830777786694106,0.2830777786694106,-1.5076376562120533,0.0,0.2806301242337163,0.1165237213411867,-0.23550286651734165,-1.5867298470172124,-1.4553680723590754,-0.760818413037624,-0.2047547176322287,1.4037806301364542,0.6305118948481786,0.6305118948481788,-1.5076376562120533,0.0,-0.0062370756413969745,0.1165237213411867,-0.19126667260032493,-1.5856697025728732,-1.4554589578581876,-0.7951672047055092,-0.05942110080427573,1.4037806301364542,0.6305118948481786,0.6305118948481788,-1.4979066777554364,0.0,0.2806487812185215,0.32163429710351465,-0.13559589587212137,-1.5827795072142448,-1.4557650203144292,-0.7890748217288515,0.08591251602367722,1.4037806301364542,0.9780760387650378,0.9780760387650378,-1.6528997221963133,0.0,-4.574284111334096,-1.728292200153356,-0.3964929595271761,-1.5565028848047533,-1.4951794321420484,0.18284720250726658,0.23124613285163018,1.4037806301364542,-0.4157448892817858,-0.4157448892817858,-1.6561142579154275,0.0,-0.10144655280578686,-1.7519598872458064,-0.6030809230622851,-1.5432915060575312,-1.5224117157427006,0.318761750892215,0.37657974967958313,1.4037806301364542,-0.454244163790115,-0.454244163790115,-1.6625360484120502,0.0,-0.1964599005806134,-1.801222771711615,-0.7710905468439708,-1.5349601882904556,-1.5457002551230767,0.5326451247748514,0.5219133665075361,1.4037806301364542,-0.5311555117320096,-0.5311555117320096,0.46920085930561195
0.4489006126628562,0.0,0.6030609351433507,1.2447784443550218,0.23413331420596317,0.3364280442493654,0.4709879477095909,-0.962265515644574,-0.7860891849440405,0.7064250394942685,1.5210119336753523,1.521011933675352,0.4342732009761047,0.0,-0.41223652908524117,0.7673203892095118,0.2537289300307624,0.3408577805752073,0.4709258843289555,-0.9297383124853215,-0.6407555681160876,0.7064250394942685,0.7969376819080787,0.7969376819080786,0.4306181682898184,0.0,-0.10773082996961438,0.6534059245998807,0.2586214415095143,0.34392040584150846,0.47223927077876643,-0.92807850189472,-0.4954219512881346,0.7064250394942685,0.60450325960891,0.6045032596089099,0.4050547823106326,0.0,-0.7161644807329867,-0.05558558551407825,0.20872790292801724,0.342529059211845,0.4769343351784092,-0.8554044130042813,-0.3500883344601816,0.7064250394942685,-0.46317542179121357,-0.46317542179121357,0.3977556383504691,0.0,-0.20909871683245634,-0.23186091675825482,0.15250274265000532,0.34162902080978574,0.4760084095317183,-0.8735391922009859,-0.2047547176322287,0.7064250394942685,-0.7680309837688906,-0.7680309837688902,0.412353926270796,0.0,0.39957493777218367,0.13917442745993264,0.13514688065410413,0.3421714252836926,0.4772937063757573,-0.8618630111229386,-0.05942110080427573,0.7064250394942685,-0.34102597087356834,-0.34102597087356834,0.30319076876981815,0.0,-3.0394936392513356,-1.56996997476659,-0.09565795578560046,0.3591565623999143,0.4517954261771691,-0.49652114442847306,0.08591251602367722,0.7064250394942685,-1.5295044604729984,-1.5295044604729986,0.29230940153942986,0.0,-0.3095833783618431,-1.6725658476926875,-0.29721932214262925,0.37173531139647087,0.4296415108105863,-0.3710286590882901,0.23124613285163018,0.7064250394942685,-1.2319427189263548,-1.2319427189263545,0.33586399422740754,0.0,1.2083571546358232,-0.7955828642203415,-0.366205803741428,0.37400916998116585,0.42296796779845086,-0.3250505176775107,0.37657974967958313,0.7064250394942685,-0.4598170662455103,-0.4598170662455103,0.3576813357502302,0.0,0.6013813178455407,-0.4270094876027645,-0.37341019971201794,0.3742364266446635,0.41981380167468735,-0.36712233063666666,0.5219133665075361,0.7064250394942685,-0.07304432832204821,-0.07304432832204821,0.3431340144211464,0.0,-0.4111184358022401,-0.6136356431329765,-0.4038512838572651,0.3749293069496048,0.41436447039382185,-0.40618901409874003,0.667246983335489,0.7064250394942685,-0.3309358452154495,-0.3309358452154495,0.3540445054179593,0.0,0.29755651809148304,-0.42681387106826413,-0.4019393271087165,0.3747569879960345,0.4108816678172874,-0.44242261715437514,0.812580600163442,0.7064250394942685,-0.1375172075453986,-0.1375172075453986,-0.10752153173286051
0.5922077458258653,0.0,0.707663707285176,0.2767588056150694,-0.22249434437902488,0.4882495429541054,0.636080623904415,-1.006060327956272,-0.3500883344601816,1.4037806301364542,1.6738544652892102,1.6738544652892102,0.6069734954031336,0.0,0.4018525211969231,0.5377274016854233,-0.13579249297903342,0.49608681180127706,0.6318934548468699,-0.9980116784736475,-0.2047547176322287,1.4037806301364542,1.6738544652892102,1.6738544652892102,0.5995869801436964,0.0,-0.2102927336499789,0.3721941174375082,-0.08124464081095757,0.5001988948431249,0.6299751400462592,-1.0337231900383057,-0.05942110080427573,1.4037806301364542,1.3199465143508595,1.3199465143508595,0.6069734954031336,0.0,0.1978634717366169,0.5088634601067664,-0.023372825478534878,0.5068987536497903,0.6280424775850468,-1.0236986218355357,0.08591251602367722,1.4037806301364542,1.6738544652892102,1.6738544652892102,0.6291476030646576,0.0,0.6063321766652268,0.8873541432769754,0.06560991849756026,0.5180053061578619,0.6253772630838405,-0.9854200431413574,0.23124613285163018,1.4037806301364542,1.41510312552257,1.4151031255225701,0.5958955427493794,0.0,-0.9242334266033516,0.15733994122502898,0.06863390571132187,0.5208455669574329,0.6265885361477909,-0.8492047211459318,0.37657974967958313,1.4037806301364542,0.19526253120701578,0.19526253120701578,0.6106685732682537,0.0,0.40200890116502175,0.4127528335022536,0.09899873838175711,0.5252668673016617,0.6287995113261895,-0.8811028785687709,0.5219133665075361,1.4037806301364542,0.6509939515958487,0.6509939515958486,0.636545039736504,0.0,0.7085327884977344,0.8117521307296927,0.1723381981766155,0.5340179979129195,0.6296181453623023,-0.8818235501255227,0.667246983335489,1.4037806301364542,1.6738544652892102,1.6738544652892102,0.662465191854391,0.0,0.7091883260153466,1.1525407643709258,0.27859762335618343,0.5472972416161455,0.6288488073002502,-0.8823223330773458,0.812580600163442,1.4037806301364542,1.6738544652892102,1.6738544652892102,0.688425389151112,0.0,0.7097415214447254,1.446167170666219,0.4095170933813263,0.5652639073737344,0.6255968295575182,-0.8392878090431964,0.9579142169913949,1.4037806301364542,1.6738544652892102,1.6738544652892102,0.6995652298085184,0.0,0.3007612540210352,1.5621010604844943,0.5290343374381629,0.582330503016887,0.6243695175868537,-0.8715392921947652,1.1032478338193479,1.4037806301364542,1.6738544652892102,1.6738544652892102,0.7069954307175925,0.0,0.19846107067069602,1.6390021095525715,0.6309395148404747,0.5983111336721066,0.624242609690591,-0.8869452684179844,1.2485814506473008,1.4037806301364542,1.5171416598222676,1.5171416598222673,-0.31312809794848534
1.1207167351329406,0.0,0.9261068399689721,-0.049696656903388384,0.03872020379396481,1.1116286764752017,1.1497452609613814,0.4705806740559715,0.812580600163442,1.4037806301364542,-0.06369588794024715,-0.06369588794024715,1.1359521054438055,0.0,0.40830532664682717,0.09842762770571697,0.04809346897817628,1.108969697012532,1.1497424909104401,0.3614959407939289,0.9579142169913949,1.4037806301364542,0.152805979695007,0.152805979695007,1.124524667592956,0.0,-0.3170297766878905,-0.01932639604632285,0.03199059798545065,1.1055030996108541,1.1494056555795922,0.2156544201593652,1.1032478338193479,1.4037806301364542,-0.009583354237385698,-0.009583354237385698,1.1207167351329406,0.0,-0.10983634318316322,-0.05993905292179838,0.011139571425482896,1.1039461355266864,1.1486781200887868,0.13961875570720597,1.2485814506473008,1.4037806301364542,-0.06369588794024715,-0.06369588794024715,1.1283326000529714,0.0,0.2009845983340509,0.027238491523098263,0.009337735641938294,1.1041585723952587,1.148846514261419,-0.005242847249291991,1.3939150674752538,1.4037806301364542,0.018002667008632206,0.018002667008632206,1.139763678374624,0.0,0.30472409083363616,0.16043873413959583,0.030005919490101316,1.1041585723952587,1.148846514261419,-0.09513763379050875,1.6845823011311598,2.7984918114208255,-0.07316997226818478,-0.07316997226818478,1.147386824236261,0.0,0.20106690940354627,0.250672711027845,0.06053273900075787,1.1048860321111929,1.1488793592764797,-0.1934372138191917,-1.6580908859117582,-1.3856417324322885,-0.1943864466083084,-0.1943864466083084,1.1169124431437283,0.0,-0.8347728936876746,-0.14039828294504472,0.02329431841470603,1.104356330822806,1.1482661902519071,-0.21045833788061843,-1.5127572690838054,-1.3856417324322885,-0.7899100242898183,-0.7899100242898179,1.113104510683713,0.0,-0.10985947359506498,-0.18756058882710838,-0.014016796520981667,1.1036941545132868,1.14740411334422,-0.285808483134467,-1.3674236522558523,-1.3856417324322885,-0.8643237935234652,-0.8643237935234651,1.1054922862344851,0.0,-0.21340594431910268,-0.28525279702756146,-0.05846303328839654,1.1032377513404865,1.1501534292327644,-0.37061652583030913,-1.2220900354278994,-1.3856417324322885,-1.0130801907199813,-1.0130801907199811,1.1207167351329406,0.0,0.4081932011110812,-0.061301239315284646,-0.06295122187836914,1.095741542950899,1.1668505564600846,-0.44935265018530396,-1.0767564185999463,-1.3856417324322885,-0.47288397884067873,-0.47288397884067873,1.13214417298379,0.0,0.3046944896592062,0.10318399515599477,-0.043571104870303815,1.0926385297588097,1.1768461012076252,-0.4927136592818255,-0.9314228017719934,-1.3856417324322885,0.46384938990190944,0.46384938990190944,0.408519044701103
0.4672048998607124,0.0,0.0953698481256739,1.8568507023216214,1.8927949236059993,0.35139903845201453,0.3978044569504092,0.48806434260033593,-0.4954219512881346,-1.3856417324322885,0.6168805888439787,0.6168805888439788,0.478199121685996,0.0,0.2987522965555581,1.9211421804187572,1.9319259006961975,0.3642979668603301,0.40347889482985194,0.4601818133977615,-0.3500883344601816,-1.3856417324322885,0.7676059220607415,0.7676059220607413,0.4598839130757305,0.0,-0.5141500882362418,1.615554929880919,1.904084259870728,0.3741908865134396,0.4059686720291979,0.4768371056923991,-0.2047547176322287,-1.3856417324322885,0.5165134878178494,0.5165134878178497,0.5112181918698774,0.0,1.418132707646687,1.9336281556225956,1.9614610984911838,0.395357101936281,0.3971453603406661,0.5070007748718166,-0.05942110080427573,-1.3856417324322885,1.2202810122183696,1.2202810122183696,0.5958955427493794,0.0,2.339699784551019,2.3274738916880384,2.150714631607089,0.4379220979208355,0.3778366173069921,0.8382865682170458,0.08591251602367722,-1.3856417324322885,1.2056770855199395,1.2056770855199397,0.5590284949266486,0.0,-1.025041168080384,1.8027234019671683,2.2014064845784795,0.4613186560097943,0.37485794350952906,0.9161510237561187,0.23124613285163018,-1.3856417324322885,0.8464928184802875,0.8464928184802877,0.5590284949266486,0.0,-0.0062370756413969745,1.8027234019671683,2.215675364256679,0.4808249085845604,0.3761615438802845,0.9012737601358397,0.37657974967958313,-1.3856417324322885,0.8464928184802875,0.8464928184802877,0.4928665785515812,0.0,-1.8366014523847782,0.9494997936990534,2.0707511813587365,0.4867535313375096,0.3837639200361944,0.987874467598671,0.5219133665075361,-1.3856417324322885,0.20189768969796007,0.20189768969796007,0.5002057676905785,0.0,0.19720238299954462,1.0018187376571217,1.947723975520419,0.4923987841825136,0.39238843933086964,0.8957471942675111,0.667246983335489,-1.3856417324322885,0.27340114406272126,0.27340114406272126,0.4818650757846915,0.0,-0.5145224439393995,0.7800155775085754,1.7926050284591848,0.49472585448835615,0.4025127290076709,0.8388580694178648,0.812580600163442,-1.3856417324322885,0.0947134441174496,0.0947134441174496,0.4708708539594079,0.0,-0.31109281768481417,0.6470449575357283,1.6286004692188958,0.49436951823117575,0.4149654194371983,0.7001447726450529,0.9579142169913949,-1.3856417324322885,-0.012399865496429062,-0.012399865496429062,0.4928665785515812,0.0,0.6038767726964885,0.8357717398126056,1.5245707078520094,0.49448307604188685,0.42915323247092735,0.5713395684988708,1.1032478338193479,-1.3856417324322885,0.20189768969796007,0.20189768969796007,0.19711525150940068
0.999317955262831,0.0,0.30342355223705836,-0.13048712293371534,-0.14001745718496872,0.9254684620783039,1.0507425916434605,-0.8195810371337784,-0.4954219512881346,1.4037806301364542,0.4519248995512301,0.4519248995512301,0.9804275522656799,0.0,-0.5220665164857617,-0.5184487462546734,-0.17077567078633954,0.9245208216158288,1.0501796445586327,-0.7929426777942749,-0.3500883344601816,1.4037806301364542,-0.5087136232628308,-0.5087136232628305,0.9917566974048463,0.0,0.30329350919066944,-0.24381263835959627,-0.17094258041623397,0.9252078007403431,1.0510043209865823,-0.797745149702116,-0.2047547176322287,1.4037806301364542,-0.19184119033554972,-0.19184119033554972,0.9917566974048463,0.0,-0.0062370756413969745,-0.24381263835959627,-0.1694849926339407,0.9258424070456378,1.051881731688924,-0.7875207482875731,-0.05942110080427573,1.4037806301364542,-0.3014574166745229,-0.3014574166745229,0.9766523840428921,0.0,-0.41877373639234383,-0.5662505986416781,-0.19656213512205106,0.9253614096054574,1.0538817145948576,-0.777998259248923,0.08591251602367722,1.4037806301364542,-1.0901754417219225,-1.0901754417219223,0.9728735753493013,0.0,-0.10949172526255237,-0.6438003240983163,-0.2233492060563248,0.9223500532432019,1.0599426273254595,-0.7840101996785896,0.23124613285163018,1.4037806301364542,-0.7244139834160946,-0.7244139834160945,1.166466531715172,0.0,5.284212742275945,1.9229509915285241,0.13968090524897236,0.9794838928924738,1.0229865217411724,-0.06292726793572934,0.37657974967958313,1.4037806301364542,1.401552999263659,1.4015529992636593,1.1626476778427473,0.0,-0.11000584895402044,1.8540421949631896,0.4146226083056551,1.0132959187939607,1.0098867128087876,0.03050074880828596,0.5219133665075361,1.4037806301364542,0.9235585658764494,0.9235585658764495,1.1550172510395043,0.0,-0.2135999715842005,1.7110946625217722,0.6098982119449621,1.0379643222596047,1.0037130060580401,0.027377172418027992,0.667246983335489,1.4037806301364542,0.829978071668229,0.8299780716682289,1.2161662391187387,0.0,1.6559066323283114,2.1050951196471708,0.8761885322922754,1.0748813974957163,0.9913451419915889,0.14419118440247217,0.812580600163442,1.4037806301364542,1.534851023503195,1.5348510235031951,1.1970355650485847,0.0,-0.5253145958540375,1.7672050653263125,1.0367435540779122,1.1000008762930344,0.9885570309929296,0.1485253655694043,0.9579142169913949,1.4037806301364542,1.1846963439163947,1.184696343916395,1.2123401043047077,0.0,0.40925740049511644,1.867707575995517,1.1805458659844466,1.1248315729849556,0.9868378124753581,0.09274952850129121,1.1032478338193479,1.4037806301364542,1.3624336595820228,1.3624336595820228,-0.11015895901900019
2.3269721738483082,0.0,3.318782281210706,2.7358014322645436,3.163472805015548,2.23568430997119,1.7138051319178726,0.9758816280643514,-0.6407555681160876,-1.3856417324322885,1.647263074431324,1.647263074431324,2.331053141618554,0.0,0.10100892654667812,2.7456909496397692,3.3531666227854973,2.283566378011903,1.7200725101100944,1.0278281258906459,-0.4954219512881346,-1.3856417324322885,1.5952969245596815,1.5952969245596815,2.2984236018106015,0.0,-0.8636276350396537,2.310669171492109,3.398858087216263,2.3171607482398,1.7370527052038973,1.0924237178419185,-0.3500883344601816,-1.3856417324322885,1.2269560012983176,1.2269560012983176,2.2211691708985675,0.0,-2.038091892736235,1.4203462424939919,3.2431909407056208,2.331604233900023,1.7663545655862247,1.151155650461684,-0.2047547176322287,-1.3856417324322885,0.7572367192601436,0.7572367192601436,2.286202541324682,0.0,1.7079478982490857,1.7101322894872089,3.2121784120269794,2.3546793086458395,1.788322310668215,1.268787512162933,-0.05942110080427573,-1.3856417324322885,1.1488784775934184,1.1488784775934184,2.2780624486090084,0.0,-0.2204023777105308,1.6242571274674846,3.1348600708655967,2.370017346343189,1.8188564149882196,1.3149930359297763,0.08591251602367722,-1.3856417324322885,0.9248994985123974,0.9248994985123974,2.217113686423943,0.0,-1.6101652270315028,1.016370119856953,2.9179866027421557,2.3730461236635834,1.854869393488878,1.5311362303831353,0.23124613285163018,-1.3856417324322885,0.23284653289571577,0.23284653289571577,2.1442569442420227,0.0,-1.9268560274424906,0.404428941709272,2.5707599537692922,2.3647315551055477,1.8953879343662248,1.6359412355634944,0.37657974967958313,-1.3856417324322885,-0.7108182121967719,-0.7108182121967721,2.176598886856532,0.0,0.8481162819021922,0.6017366792809984,2.3328495438266272,2.353878133091902,1.9413114400022211,1.6537629405477858,0.5219133665075361,-1.3856417324322885,-0.4801864939664163,-0.4801864939664163,2.1806470903895505,0.0,0.10060296202131158,0.6266732892362007,2.127492055334445,2.3362108586235886,1.9945022436305142,1.5130923354884436,0.667246983335489,-1.3856417324322885,-0.6852451623031148,-0.6852451623031147,2.19684718546323,0.0,0.4212660040148841,0.7300415410981616,1.9739469367078208,2.3101102167013776,2.057413012971168,1.4770767289655362,0.812580600163442,-1.3856417324322885,-0.48544322589441624,-0.48544322589441596,2.2211691708985675,0.0,0.6352983483001972,0.8842760460317937,1.8787645038159557,2.264494836156615,2.143211399546303,1.3651163067428973,0.9579142169913949,-1.3856417324322885,-0.1854709254120531,-0.1854709254120531,-0.11302387798776863
-1.1302227671157625,0.0,-0.7803252942073727,0.3566009286188282,0.8622365453612637,-1.155740843126226,-1.1171526564900236,0.4196961623542558,0.37657974967958313,0.009069448852082836,-0.17266756357473492,-0.17266756357473492,-1.146819673506977,0.0,-0.48974358856763056,0.1543378273168492,0.7472340610516742,-1.1556172837129175,-1.1166111551954958,0.3545484904814147,0.5219133665075361,0.009069448852082836,-0.5012504648077845,-0.5012504648077842,-1.146819673506977,0.0,-0.0062370756413969745,0.1543378273168492,0.6482572055213595,-1.1555439935686262,-1.1163519944260822,0.2810461027684139,0.667246983335489,0.009069448852082836,-0.5012504648077845,-0.5012504648077842,-1.1567690802117783,0.0,-0.2962375808477366,0.02450651986303401,0.5433403491667315,-1.1576756020064842,-1.1182051756345988,0.186905452707344,0.812580600163442,0.009069448852082836,-0.6982272292451444,-0.6982272292451445,-1.1600855491133788,0.0,-0.10293413546030539,-0.020128479817918564,0.4480477025439704,-1.1590507057083341,-1.1201523417692811,0.11241204973484714,0.9579142169913949,0.009069448852082836,-0.7638861507242644,-0.7638861507242642,-1.146819673506977,0.0,0.3805914801032292,0.16286574584929814,0.39408740437014067,-1.1600321368103512,-1.1148400855521359,0.030373493197894858,1.1032478338193479,0.009069448852082836,-0.5012504648077845,-0.5012504648077842,-1.1700276748765739,0.0,-0.6826926997506118,-0.1662490838999247,0.3011859673368271,-1.1607134138421362,-1.117816996163804,-0.007050622624929617,1.2485814506473008,0.009069448852082836,-1.1245230043790453,-1.1245230043790453,-1.1799625196981631,0.0,-0.29602442347362057,-0.3009495555160082,0.20501300305071438,-1.1607134138421362,-1.117816996163804,-0.09362105613183744,1.3939150674752538,0.009069448852082836,-1.5328928003537743,-1.5328928003537738,-1.1766533317381687,0.0,0.09031807310640509,-0.24744628622178083,0.1334946287418198,-1.1604925201664669,-1.1187045968478833,-0.07052516067655429,1.5392486843032067,0.009069448852082836,-1.458689372294067,-1.458689372294067,-1.1832717076581574,0.0,-0.19932727821305907,-0.3453736244623666,0.06252700010287461,-1.1600547597487254,-1.1201424212738922,-0.1655414175714205,1.6845823011311598,0.009069448852082836,-1.468195335791151,-1.4681953357911508,-1.1766533317381687,0.0,0.18689332096150307,-0.2266400344379767,0.018907018913556953,-1.1597833404409286,-1.1220790355213794,-0.2666511108988595,-1.6580908859117582,0.7064250394942685,-1.32607136738042,-1.3260713673804199,-1.1998176474581288,0.0,-0.6820527846422658,-0.5787953340772055,-0.06153130717242476,-1.1582249427092826,-1.1276370907084148,-0.27014928371201274,-1.5127572690838054,0.7064250394942685,-1.6813812884072472,-1.6813812884072472,0.3801874755921523
0.8900419431669578,0.0,-0.6236471090400881,-1.9617555252200356,-1.2094446393428149,1.0263143748965613,1.0283040386392115,-0.07917044733721994,-0.2047547176322287,-0.6882861417901028,-1.5422933295623371,-1.5422933295623373,0.8825316519002161,0.0,-0.21197800795903918,-2.0102943124612604,-1.333997789145788,1.0323764902752577,1.004011364235495,0.011058087839873871,-0.05942110080427573,-0.6882861417901028,-1.3665071974649394,-1.3665071974649394,0.8412851177013874,0.0,-1.136417296793711,-2.255414070563341,-1.4980918960721838,1.0387176057914755,0.9737723829293228,0.05052038969996113,0.08591251602367722,-0.6882861417901028,-1.6813812884072472,-1.6813812884072472,0.8450311621577505,0.0,0.09653201719101953,-2.1802624781634923,-1.6025546075034194,1.0360395045088908,0.9514650498107119,0.14528867093813072,0.23124613285163018,-0.6882861417901028,-1.191112213943228,-1.1911122139432284,0.8562729359976432,0.0,0.30213591786423083,-1.9493364218599447,-1.6443229633336132,1.0373530660510653,0.9327427836346864,0.2626980714763692,0.37657974967958313,-0.6882861417901028,-1.0438263980131872,-1.0438263980131872,0.8263118612883439,0.0,-0.8278259621828798,-2.1461285784972675,-1.7177619322311222,1.0394734990324275,0.9102001367174676,0.26920402806228005,0.5219133665075361,-0.6882861417901028,-1.4363659916350258,-1.4363659916350255,0.7926666301263338,0.0,-0.9296701763782464,-2.3383235454444136,-1.8224435652653956,1.0414321771910025,0.8836819756186379,0.3331711746126938,0.667246983335489,-0.6882861417901028,-1.425332367524553,-1.4253323675245533,0.8113495262877096,0.0,0.5070479471393858,-1.9647980633221003,-1.8472011445663121,1.0379929097555756,0.8648547871826977,0.3633151680807281,0.812580600163442,-0.6882861417901028,-1.1755022006074984,-1.1755022006074982,0.8450311621577505,0.0,0.9186045495995238,-1.3529626621870359,-1.7794753789945863,1.0253930506034974,0.8559688598467703,0.30415444883391585,0.9579142169913949,-0.6882861417901028,-0.7951988512678317,-0.7951988512678317,0.830054265273904,0.0,-0.41706819458005323,-1.4762124459243418,-1.736034231287961,1.0144095145750465,0.8458552946704397,0.2493331032910307,1.1032478338193479,-0.6882861417901028,-0.935749597665404,-0.935749597665404,0.830054265273904,0.0,-0.0062370756413969745,-1.4762124459243418,-1.6825749843289537,1.0030560368010324,0.8372552682372167,0.13994782778308235,1.2485814506473008,-0.6882861417901028,-0.8939717542277261,-0.893971754227726,0.8375390732450242,0.0,0.19916957751682668,-1.3316688095979698,-1.607113419113048,0.9832907917432622,0.8348320113909157,0.03838998724541765,1.3939150674752538,-0.6882861417901028,-0.623714307613645,-0.6237143076136449,-0.31430844792828533
-1.5141249751831312,0.0,0.08931375066421306,-0.5204794138435175,-0.4537124258949482,-1.5582219340153864,-1.443703101865237,-0.5854618965942159,1.1032478338193479,0.7064250394942685,-0.11822493292936631,-0.11822493292936631,-1.5108813156975922,0.0,0.08941126054597191,-0.4387165639281478,-0.4243769619804776,-1.561816630006696,-1.4436682725593153,-0.6323503547277746,1.2485814506473008,0.7064250394942685,-0.00633769700947608,-0.00633769700947608,-1.517364994197867,0.0,-0.19740669039218975,-0.5720695328740321,-0.4097048702962495,-1.5666249729227077,-1.443388726834126,-0.7264878196276652,1.3939150674752538,0.7064250394942685,-0.22998659394923412,-0.22998659394923412,-1.5141249751831312,0.0,0.08931375066421306,-0.48171408193983617,-0.3875099204710766,-1.5752801480975906,-1.4398896520933144,-0.7253579110354309,1.5392486843032067,0.7064250394942685,-0.6619945732493597,-0.6619945732493598,-1.523845032227339,0.0,-0.2928600359337827,-0.6926188400041947,-0.38523563171437997,-1.5794634768892488,-1.4399112286491766,-0.7749352945579454,1.6845823011311598,0.7064250394942685,-1.099014889477934,-1.0990148894779337,-1.5270850512420748,0.0,-0.10180758711157402,-0.7622411868512852,-0.3858137641444704,-1.5834471875805611,-1.4401330700157782,-0.7957362497510654,-1.6580908859117582,1.4037806301364542,-1.244688328220792,-1.2446883282207917,-1.5108813156975922,0.0,0.47177210349023363,-0.27698492008960496,-0.35027037432617353,-1.5856186219118753,-1.4395748845266219,-0.7897310297485959,-1.5127572690838054,1.4037806301364542,-0.5161574564854422,-0.5161574564854424,-1.5108813156975922,0.0,-0.0062370756413969745,-0.27698492008960496,-0.3187910101224185,-1.5852924558877322,-1.438927091480042,-0.8346961323575972,-1.3674236522558523,1.4037806301364542,-0.5161574564854422,-0.5161574564854424,-1.517364994197867,0.0,-0.19740669039218975,-0.44493285649535785,-0.3036424831898086,-1.5888599103999672,-1.4324093093818502,-0.8764494419230983,-1.2220900354278994,1.4037806301364542,-0.6232937092005544,-0.6232937092005546,-1.5303214297860077,0.0,-0.38833302038521056,-0.7591812650041605,-0.3142278962322765,-1.5900569897049295,-1.4344582457670476,-0.9026240804174586,-1.0767564185999463,1.4037806301364542,-1.234535622452314,-1.234535622452314,-1.5594415557397967,0.0,-0.8653673669422823,-1.3290698164215917,-0.3767349244598075,-1.5855491048595616,-1.4448493861380354,-0.8512519439397226,-0.9314228017719934,1.4037806301364542,-1.6813812884072472,-1.6813812884072472,-1.5723652270907096,0.0,-0.38787720097799144,-1.5355984311444575,-0.44726399984265514,-1.5799622966103755,-1.4569730734674944,-0.8794110167892004,-0.7860891849440405,1.4037806301364542,-1.6813812884072472,-1.6813812884072472,0.6630424317935204
-0.7129920488462511,0.0,-0.5943970419398243,0.5285390888896201,0.009472699190770758,-0.7715118967293628,-0.7517178374788288,0.11744011599449534,-0.3500883344601816,1.4037806301364542,0.8310465627269074,0.8310465627269075,-0.6754515139249517,0.0,1.0732636192639526,0.9169639412586958,0.15705333748602565,-0.7606330411817804,-0.7558258769059552,0.15742667666381754,-0.2047547176322287,1.4037806301364542,1.4239929451574835,1.4239929451574835,-0.6686183502275818,0.0,0.19002630631194226,0.9830350754353304,0.28400704272983696,-0.7598446385761786,-0.7562768959113704,0.07489938267451013,-0.05942110080427573,1.4037806301364542,1.5389125136369064,1.5389125136369062,-0.6720331118408652,0.0,-0.10429574227315225,0.925917720338972,0.3731408644770458,-0.7520345454302134,-0.7596867267256583,0.06479860583855199,0.08591251602367722,1.4037806301364542,1.471549261561408,1.4715492615614079,-0.723214490861283,0.0,-1.4761224865816214,0.15759319157466306,0.33741584020797016,-0.7520345454302134,-0.7596867267256583,0.26861900758378154,0.23124613285163018,1.4037806301364542,0.16470664937629428,0.16470664937629428,-0.8013790394740855,0.0,-2.2546181119427278,-0.6892503600709032,0.1510540136533643,-0.7524879427601104,-0.7636609735152956,0.5088340166874038,0.37657974967958313,1.4037806301364542,-1.2641386153596599,-1.2641386153596599,-0.7945968423679586,0.0,0.18932481725421407,-0.601710993880606,0.016339729419532018,-0.7532706025155108,-0.7666227871053818,0.46658762741068976,0.5219133665075361,1.4037806301364542,-1.1448074670809287,-1.1448074670809285,-0.7504452124682767,0.0,1.2665889111389994,-0.06968814587118329,-0.002669443004062208,-0.7552294828124523,-0.7554577115789549,0.45412773260368783,0.667246983335489,1.4037806301364542,-0.3679700187049475,-0.3679700187049475,-0.7538454121983479,0.0,-0.10412549705110298,-0.10701743098985314,-0.024598311681037238,-0.7557708039469372,-0.7487794525958067,0.38984369812652114,0.812580600163442,1.4037806301364542,-0.42779572589353315,-0.42779572589353315,-0.7470450127382056,0.0,0.18956042522045105,-0.02478130661884688,-0.028445718241059046,-0.7565096876795991,-0.7412195417527954,0.38300752260840326,0.9579142169913949,1.4037806301364542,-0.3081443115163619,-0.3081443115163619,-0.7844180860025636,0.0,-1.082057759617627,-0.44604570326566784,-0.10520809440165922,-0.7586737088665833,-0.7356368246550877,0.36332490124275413,1.1032478338193479,1.4037806301364542,-0.9657146648332998,-0.9657146648332998,-0.8217074284384508,0.0,-1.0808936064905237,-0.8087676293999417,-0.23805765274088084,-0.7573702477985691,-0.73830961641022,0.42380695751833025,1.2485814506473008,1.4037806301364542,-1.2578031443156217,-1.2578031443156217,0.09154836911559751
-1.1567690802117783,0.0,-0.2962375808477366,0.585667558962319,-0.1417996372900152,-1.215547319393436,-1.2187690322974607,-0.05289708274708462,-1.2220900354278994,-1.3856417324322885,1.3830328970027528,1.3830328970027528,-1.153452611310178,0.0,0.09045998417751144,0.6229059270291539,-0.02828353565813482,-1.2083561765218114,-1.219364559209245,-0.17490470990475102,-1.0767564185999463,-1.3856417324322885,1.4411844441293908,1.4411844441293908,-1.1667112059749736,0.0,-0.39277274124633027,0.41486191936418615,0.03446570916693231,-1.20430786572937,-1.2194533696301275,-0.2494145607216644,-0.9314228017719934,-1.3856417324322885,1.2087059209293736,1.2087059209293738,-1.1799625196981631,0.0,-0.3927214928364843,0.21101533631924735,0.056739620479796145,-1.201316426161099,-1.2181501748030603,-0.2928274544818125,-0.7860891849440405,-1.3856417324322885,0.9763550630358914,0.9763550630358915,-1.1898900835781459,0.0,-0.2959025218851122,0.05986341650041091,0.05360382633919329,-1.1999350001438998,-1.2175488767261657,-0.34617595024388714,-0.6407555681160876,-1.3856417324322885,0.8022834175755823,0.8022834175755821,-1.203119554476517,0.0,-0.39236578146519524,-0.13890497971565494,0.024083388451629585,-1.1992780253065114,-1.2168829446203597,-0.2927281477870252,-0.4954219512881346,-1.3856417324322885,0.5703155556017044,0.5703155556017047,-1.1235789079001524,0.0,2.316283199980479,0.8544234863501575,0.1572020498004133,-1.1898939462404958,-1.2196744814486356,-0.12613856478368676,-0.3500883344601816,-1.3856417324322885,1.6738544652892102,1.6738544652892102,-1.0836575050736426,0.0,1.1565237370675916,1.2143052399886896,0.33808478046784185,-1.1730506127927716,-1.2263007063083768,-0.09999573886205296,-0.2047547176322287,-1.3856417324322885,1.5824587578147506,1.5824587578147509,-1.0503107925174846,0.0,0.9638119323988305,1.4736076934631057,0.5413606223304072,-1.1506240805790513,-1.2358656382732185,-0.07526582547534551,-0.05942110080427573,-1.3856417324322885,1.5047654045190284,1.5047654045190286,-1.0001633072051397,0.0,1.4510193226543835,1.8035955907138679,0.7930012630643786,-1.1173491300653293,-1.2489944560872002,0.052628894649303544,0.08591251602367722,-1.3856417324322885,1.4106306295096704,1.4106306295096702,-0.9867627341790243,0.0,0.3825650045853128,1.8829585126428499,1.0071893687086024,-1.0858117094768198,-1.2583643163700131,0.0801752197449227,0.23124613285163018,-1.3856417324322885,1.5454506362182463,1.5454506362182463,-0.9565759502799344,0.0,0.8692305631705048,2.053252973451118,1.2227015813150555,-1.0516775283438815,-1.266654903200077,0.1454599613732998,0.37657974967958313,-1.3856417324322885,1.450666532130267,1.4506665321302668,1.1626790444131965
-1.3577485518370864,0.0,-0.678599360008121,-1.2303257193213113,-0.9469546029610684,-1.2909136837615467,-1.33883431891664,-0.571513926096634,1.6845823011311598,0.009069448852082836,-0.3779486512265375,-0.3779486512265375,-1.3544757685851228,0.0,0.08979277904289445,-1.1471221519904635,-0.9176757125984852,-1.3202812567674218,-1.328114677256032,-0.6058935116731767,-1.6580908859117582,0.7064250394942685,-0.19168479161352564,-0.19168479161352564,-1.3380936499712897,0.0,0.47439654292579786,-0.7408576485074906,-0.8523271311822568,-1.3527718500676158,-1.3112754145535521,-0.5738986871249848,-1.5127572690838054,0.7064250394942685,0.6858849415804731,0.685884941580473,-1.2987073963528317,0.0,1.1487146375504673,0.06221054665227815,-0.7140915082773263,-1.3700206967997597,-1.3008506399214594,-0.5438625840624866,-1.3674236522558523,0.7064250394942685,1.6738544652892102,1.6738544652892102,-1.295423691688459,0.0,0.08993366307358053,0.12110807259832235,-0.5915325673762809,-1.3915031435522416,-1.2858333793746706,-0.6055092561695462,-1.2220900354278994,0.7064250394942685,1.4246848542371193,1.424684854237119,-1.3019947414880075,0.0,-0.19866522621994506,-0.007766257541199355,-0.502089557934435,-1.3980031860553683,-1.2815990717633534,-0.6371197797534164,-1.0767564185999463,0.7064250394942685,1.0732562244796513,1.0732562244796513,-1.3184132648098714,0.0,-0.48714067293232766,-0.3173829861318902,-0.45903395954136234,-1.395475055758282,-1.2808527277811579,-0.6537341069248186,-0.9314228017719934,0.7064250394942685,0.47332309800099986,0.47332309800099986,-1.3184132648098714,0.0,-0.0062370756413969745,-0.3173829861318902,-0.4204294907823749,-1.3938472146999237,-1.2778852320063179,-0.7332366329415471,-0.7860891849440405,0.7064250394942685,0.47332309800099986,0.47332309800099986,-1.3216969694742442,0.0,-0.10246767457870781,-0.3824103492387291,-0.3922289004005562,-1.3926506258923048,-1.2754706823371111,-0.7429712695940813,-0.6407555681160876,0.7064250394942685,0.3533364727052695,0.3533364727052695,-1.3216969694742442,0.0,-0.0062370756413969745,-0.3824103492387291,-0.36602428189694847,-1.3914350840937186,-1.273732358290107,-0.5859440175580384,-0.4954219512881346,0.7064250394942685,0.3533364727052695,0.3533364727052695,-1.3577485518370864,0.0,-1.062856226482785,-1.0454079702069319,-0.4127881428046519,-1.3910166100665977,-1.275139798672348,-0.4655954005463799,-0.3500883344601816,0.7064250394942685,-0.9639889710903146,-0.9639889710903146,-1.465422756779607,0.0,-3.1656086129002374,-2.1358680990822054,-0.6574524365628783,-1.3679526461936227,-1.3111461397092221,-0.11303666424375693,-0.2047547176322287,0.7064250394942685,-1.6813812884072472,-1.6813812884072472,-1.250973849560048
1.8042369712349082,0.0,0.4164712847977714,-0.054799578742670614,-0.010532850833631799,1.7664183117540788,1.8650109466542641,0.7952746892811488,1.2485814506473008,-0.6882861417901028,-0.6297638635733026,-0.6297638635733025,1.8121622761732004,0.0,0.20516651537126726,0.02486443084754757,-0.009294014740752237,1.7656028695673605,1.8646379775563064,0.759493358257416,1.3939150674752538,-0.6882861417901028,-0.43826481431663217,-0.43826481431663217,1.824055694286843,0.0,0.31094170099832036,0.1471442843227153,0.014880681789150885,1.763120797137658,1.8651449220905532,0.6643940559337541,1.5392486843032067,-0.6882861417901028,-0.15088429345234952,-0.15088429345234952,1.816126748877748,0.0,-0.21761732986147886,0.057399374067797396,0.017653091239954143,1.763120797137658,1.8651449220905532,0.5296786751734922,1.6845823011311598,-0.6882861417901028,-0.34247130736187126,-0.34247130736187126,1.8002761390011637,0.0,-0.42889977533921964,-0.12312796834898021,-0.011998500123675824,1.762647319740789,1.8676084430715,0.5281487698573358,-1.6580908859117582,0.009069448852082836,-0.7254694058752125,-0.7254694058752122,1.7251877882169586,0.0,-2.009409823638198,-0.8391387118587127,-0.18355269461563856,1.770161587636913,1.8521061760363184,0.6341871515815904,-1.5127572690838054,0.009069448852082836,-1.6813812884072472,-1.6813812884072472,1.760715142784158,0.0,0.9435962408073876,-0.4230362184296199,-0.2461570900442457,1.770608358364517,1.8464912894711343,0.6090600129248802,-1.3674236522558523,0.009069448852082836,-0.8822443873360989,-0.8822443873360991,1.7528153211414874,0.0,-0.2172249170282565,-0.4951194159939746,-0.30834176620027187,1.7651187672055628,1.8416781035900294,0.5551671062010192,-1.2220900354278994,0.009069448852082836,-1.0276638485792347,-1.0276638485792344,1.7686222453684348,0.0,0.4160290932047398,-0.3080237791210159,-0.32273113095557354,1.7646503204639195,1.8385742447109108,0.4896587979012423,-1.0767564185999463,0.009069448852082836,-0.7366908989397438,-0.736690898939744,1.7923581150044776,0.0,0.6275544798186179,-0.03657084902561967,-0.28387145202455066,1.764755431805201,1.8388660554916965,0.42898586553975165,-0.9314228017719934,0.009069448852082836,-0.2997623794442397,-0.2997623794442397,1.8121622761732004,0.0,0.522209609915202,0.17951291230722755,-0.21148995656763447,1.76599145287623,1.8411988699906643,0.6044639267015086,-0.7860891849440405,0.009069448852082836,0.5523849814021139,0.5523849814021139,1.7844437314785946,0.0,-0.7454471170660072,-0.1328451738786099,-0.20740082608608673,1.7654962405282724,1.8436828139886379,0.5819995137425744,-0.6407555681160876,0.009069448852082836,0.0980755916912075,0.0980755916912075,-0.849892209759941
-0.8859107715214645,0.0,-0.2012206253971495,0.2042925299140952,0.41127324795824044,-0.9291637886441464,-0.8421662249921087,-0.3528506970589378,-0.3500883344601816,-1.3856417324322885,-0.19251972969034928,-0.19251972969034928,-0.9364186634433135,0.0,-1.4664477675997487,-0.5654361371710542,0.2647239341937298,-0.929764319541006,-0.8486651137346851,-0.2952196645551837,-0.2047547176322287,-1.3856417324322885,-1.6813812884072472,-1.6813812884072472,-0.9330548684212732,0.0,0.09116537021609059,-0.5063079682525585,0.15316414736706735,-0.9294769454982947,-0.8492921791471644,-0.3338412576033494,-0.05942110080427573,-1.3856417324322885,-1.107972999440391,-1.1079729994403908,-0.9296910733992327,0.0,0.09115514565150844,-0.44433346126772694,0.07028914417377322,-0.9300953584497932,-0.8479940820995882,-0.3695763563849189,0.08591251602367722,-1.3856417324322885,-1.0123014105986836,-1.0123014105986838,-0.889281847485111,0.0,1.1636116121363194,0.22611288353018077,0.0838986837910092,-0.9297259337738274,-0.8463361533304996,-0.35014422299229314,0.23124613285163018,-1.3856417324322885,0.13700014366858,0.13700014366858,-0.9532157957286971,0.0,-1.85479655762857,-0.6374201239638185,-0.03285400926725392,-0.9261536484643477,-0.8539837620462587,-0.12230864590944915,0.37657974967958313,-1.3856417324322885,-1.1921184529313582,-1.1921184529313582,-0.8859107715214645,0.0,1.9436773665127183,0.23316783842527994,0.008436318059094757,-0.9256155867167858,-0.8514814136513015,0.05018599544367044,0.5219133665075361,-1.3856417324322885,0.4430028959981857,0.4430028959981857,-0.8690408298200194,0.0,0.4814821363043351,0.4144614139526318,0.07360374024555635,-0.9239801142730796,-0.8480523193363522,0.07927010986097752,0.667246983335489,-1.3856417324322885,0.8528445408997166,0.8528445408997167,-0.8690408298200194,0.0,-0.0062370756413969745,0.4144614139526318,0.12346234217845212,-0.9225820319605076,-0.8447222700432951,0.08026054558632331,0.812580600163442,-1.3856417324322885,0.8528445408997166,0.8528445408997167,-0.8386283367311389,0.0,0.8725427241930788,0.7418447502861205,0.22074250713166155,-0.916758882532983,-0.8451618126857342,0.09437296994724065,0.9579142169913949,-1.3856417324322885,1.5916915632362272,1.5916915632362274,-0.872415546254469,0.0,-0.9816066597825411,0.2736510829638408,0.22744393265611804,-0.9157557870285269,-0.8434632226407464,0.09432723296842926,1.1032478338193479,-1.3856417324322885,0.7708585234582582,0.770858523458258,-0.8757902626889186,0.0,-0.10376095684372733,0.22877281141173697,0.22308658197679362,-0.9182586915127766,-0.8433161375294483,-0.024350436446038036,1.2485814506473008,-1.3856417324322885,0.6888725060167995,0.6888725060167995,-0.10374669440567585
-0.12642483117175116,0.0,-1.4034388218696732,-1.0101083093938454,-0.1772087006794899,-0.06378547374680957,-0.0011618469384014627,0.24277287983958593,0.23124613285163018,1.4037806301364542,-1.0737093336692436,-1.0737093336692438,-0.13702224167949967,0.0,-0.30553087376026167,-1.1161316518445048,-0.31844226389575786,-0.06051013856516597,-0.01870309861199179,0.24013651635958871,0.37657974967958313,1.4037806301364542,-1.3016940044054632,-1.3016940044054635,-0.1440847550374633,0.0,-0.20576209561419367,-1.1876615755762594,-0.43975576779686837,-0.0557159654391868,-0.0356242539940105,0.1822903423740739,0.5219133665075361,1.4037806301364542,-1.2548993458579576,-1.2548993458579578,-0.2601648070642818,0.0,-3.2863521623226033,-2.0427851932294963,-0.7590997846982636,-0.036126417245506706,-0.08338644309740742,0.47126049999170805,0.667246983335489,1.4037806301364542,-1.6813812884072472,-1.6813812884072472,-0.2636705804476421,0.0,-0.1056524281221309,-2.0618617619446207,-1.0079216695301667,-0.02884452060982519,-0.11946581005714757,0.559549585222937,0.812580600163442,1.4037806301364542,-1.008638736507193,-1.0086387365071934,-0.2706784867435596,0.0,-0.20498584207116446,-2.101674120876115,-1.205562999027483,-0.028811693796071198,-0.14930781075856697,0.5600185360548244,0.9579142169913949,1.4037806301364542,-1.0795875894304168,-1.079587589430417,-0.24614171353084063,0.0,0.6897908235655931,-1.6593582354603382,-1.298636378830517,-0.0329786455532926,-0.16959556750454371,0.4647960178218422,1.1032478338193479,1.4037806301364542,-0.8311744628317007,-0.8311744628317006,-0.23561347196835053,0.0,0.29219077724359516,-1.4760463559667372,-1.3363522545272757,-0.0394326212294133,-0.1850941225725271,0.3627705448320764,1.2485814506473008,1.4037806301364542,-0.7245853289854861,-0.724585328985486,-0.23210405811418716,0.0,0.09320688869100013,-1.4131228126138857,-1.3441105855414672,-0.0471745916926806,-0.1978722300226704,0.22704850395614348,1.3939150674752538,1.4037806301364542,-0.6890556177034145,-0.6890556177034143,-0.22859100378922073,0.0,0.09329937763566325,-1.346898683772283,-1.3283023114822188,-0.05466847576747499,-0.20876387688849563,0.05993738586218764,1.5392486843032067,1.4037806301364542,-0.6534890498743698,-0.6534890498743698,-0.2391228858225139,0.0,-0.30460813201937953,-1.4472181155134307,-1.3219117443640818,-0.06188776814820631,-0.2199199495635218,0.027899694287556526,-1.6580908859117582,-1.3856417324322885,-0.7601150402675576,-0.7601150402675576,-0.23210405811418716,0.0,0.19267217287112165,-1.3026662333896024,-1.2883565448720384,-0.07421734229941457,-0.2270082863823146,-0.015354746910015576,-1.5127572690838054,-1.3856417324322885,-0.6890556177034145,-0.6890556177034143,-0.6029491228983853
0.7889351475531828,0.0,0.09640261590055714,0.2640215325451105,-0.14105058783507435,0.7030260399799266,0.8223116954318507,-0.9299873598531407,-1.2220900354278994,0.009069448852082836,0.6974150181476988,0.6974150181476986,0.7964017531702877,0.0,0.1989195726363731,0.41071419477774657,-0.0842340632192857,0.7064508843195666,0.8211116772777602,-0.999030767206532,-1.0767564185999463,0.009069448852082836,1.6738544652892102,1.6738544652892102,0.8001368762142416,0.0,0.0963685737143838,0.48502253812645335,-0.03175252526247141,0.7114426837149161,0.821328307277042,-1.0339736374527684,-0.9314228017719934,0.009069448852082836,1.4246215612317954,1.4246215612317954,0.7889351475531828,0.0,-0.31391999107036905,0.20320997536248778,-0.012726006860262524,0.7132605280333952,0.8251113993310514,-0.9936830385829395,-0.7860891849440405,0.009069448852082836,1.051075703567565,1.051075703567565,0.7964017531702877,0.0,0.1989195726363731,0.36659356368620527,0.016692830125385943,0.7158344465055978,0.8285089175886745,-0.9124886398915122,-0.6407555681160876,0.009069448852082836,1.0938185928749602,1.09381859287496,0.781468541936078,0.0,-0.4164596620522977,-0.004414387044074544,0.009738436613215756,0.7168126317253452,0.8290221038950876,-0.9099449989628184,-0.4954219512881346,0.009069448852082836,0.16221419865896408,0.16221419865896408,0.7889351475531828,0.0,0.19896494777123946,0.17037623177137665,0.018545853227629482,0.7120046930322622,0.8312375815354492,-0.922167479248559,-0.3500883344601816,0.009069448852082836,0.4361644188422089,0.4361644188422089,0.7852000245092289,0.0,-0.10886541359013159,0.07442236873583359,0.01750825531263938,0.7134463084545679,0.8331554218570639,-0.9626573883706565,-0.2047547176322287,0.009069448852082836,0.25940077913527343,0.25940077913527343,0.7777370593629271,0.0,-0.211316381353881,-0.11768426311451541,0.0014165712776164146,0.7140869754777567,0.8347566033310262,-0.9275318123195574,-0.05942110080427573,0.009069448852082836,-0.19178171685503725,-0.19178171685503725,0.7852000245092289,0.0,0.1988875709965571,0.0809736006266006,0.0031527978586451807,0.7146121737590311,0.8383449675968377,-0.8804301804477338,0.08591251602367722,0.009069448852082836,0.18098184780341384,0.18098184780341384,0.8001368762142416,0.0,0.4042216518408619,0.44966712971635464,0.03357803614131149,0.709582080896059,0.852387912278512,-0.8947608620559805,0.23124613285163018,0.009069448852082836,0.9270544847759135,0.9270544847759136,0.901312840773275,0.0,2.772808613536844,1.8880032775554139,0.2562267316746932,0.7435616704397057,0.8343220286319424,-0.5567634512205513,0.37657974967958313,0.009069448852082836,1.4439960427782603,1.4439960427782605,0.5082105897476827
-0.9263272783771923,0.0,-0.6878652825874327,-0.7174443482351032,-0.9342267443806624,-0.9028116092762676,-0.9000669199357587,0.17751209565000345,-1.6580908859117582,-0.6882861417901028,-0.30556077192663544,-0.30556077192663544,-0.9397788179945509,0.0,-0.39561880933580384,-0.8588025748133215,-0.9222185203232438,-0.9112219600008398,-0.901753522074809,0.14453173836988087,-1.5127572690838054,-0.6882861417901028,-0.5026170091696722,-0.5026170091696722,-0.9364186634433135,0.0,0.09107016090065409,-0.8030668841501317,-0.8960330864946757,-0.9308115624801871,-0.8955860167720543,0.07448512982163745,-1.3674236522558523,-0.6882861417901028,0.026158958351833822,0.026158958351833822,-0.9330548684212732,0.0,0.09116537021609059,-0.744403704699689,-0.8590313813815214,-0.9327521063806593,-0.8973497923176574,-0.02983813056413185,-1.2220900354278994,-0.6882861417901028,0.09468007309192734,0.09468007309192734,-0.9464991270970255,0.0,-0.39548975230200367,-0.9066575707804873,-0.8471282943544634,-0.9345027291794284,-0.9003160964010789,-0.11363060349269057,-1.0767564185999463,-0.6882861417901028,-0.17918191471669268,-0.17918191471669268,-0.9296910733992327,0.0,0.4806120792058442,-0.5977021401321017,-0.7953571035308821,-0.9419503887431155,-0.8995839888940618,-0.1521437177585215,-0.9314228017719934,-0.6882861417901028,0.16320118783202087,0.16320118783202087,-0.9397788179945509,0.0,-0.2982776804910938,-0.7305134495636084,-0.7659879206965363,-0.9577633413670466,-0.8941564349480955,-0.18786329227478857,-0.7860891849440405,-0.6882861417901028,-1.0336867095501587,-1.0336867095501585,-0.9128684578182276,0.0,0.7730642163611463,-0.253324208926512,-0.6815319384686218,-0.9756618432362707,-0.883927273893138,-0.063158891245356,-0.6407555681160876,-0.6882861417901028,-0.16884597130745654,-0.16884597130745654,-0.8250930662853097,0.0,2.533530803660269,0.8564261031035861,-0.4348325771516829,-0.9559089850622148,-0.896356911456625,0.13236249705204048,-0.4954219512881346,-0.6882861417901028,1.5916724417716641,1.5916724417716643,-0.8420103341071947,0.0,-0.49439938475519635,0.6065059120515743,-0.27032059138805886,-0.9458082333379362,-0.9017815530720641,0.11670870949239259,-0.3500883344601816,-0.6882861417901028,0.9850268699277787,0.9850268699277785,-0.8622877564803171,0.0,-0.5916675615758311,0.3197673135837998,-0.17870257901130052,-0.9403600538480575,-0.8947706743713795,0.12848751267747624,-0.2047547176322287,-0.6882861417901028,0.5265218859216628,0.526521885921663,-0.8318607015082243,0.0,0.8727786205615647,0.6548856794030232,-0.04523273134154279,-0.9324809330424858,-0.8858074417742026,0.11301110267800098,-0.05942110080427573,-0.6882861417901028,1.214526312550588,1.2145263125505883,1.2632087202959903
-1.1302227671157625,0.0,-0.19974778904595442,0.37745127298488607,0.2785898643687074,-1.1884679069940656,-1.0992471024470127,-0.7407988359962683,1.2485814506473008,1.4037806301364542,0.09187790168319952,0.09187790168319952,-1.1302227671157625,0.0,-0.0062370756413969745,0.3774512729848872,0.2629072292648394,-1.187336540629209,-1.0963900652793541,-0.8136280206198456,1.3939150674752538,1.4037806301364542,-0.006636635298225672,-0.006636635298225672,-1.1434995641345735,0.0,-0.39302107490486843,0.05483095462551336,0.22107807805615304,-1.1878951386124694,-1.0924991412277394,-0.8683180046806696,1.5392486843032067,1.4037806301364542,-0.4257825143737541,-0.4257825143737541,-1.1235789079001524,0.0,0.5743400418575474,0.47346344302009924,0.2247171866315268,-1.186727451803025,-1.0890116652554975,-0.8542881725257879,-1.6580908859117582,-1.3856417324322885,0.051510630177989444,0.051510630177989444,-1.1302227671157625,0.0,-0.19974778904595442,0.3089073372519951,0.21154379069214388,-1.188189506175468,-1.0822136746347506,-0.9060170560001813,-1.5127572690838054,-1.3856417324322885,-0.39305896538780377,-0.39305896538780377,-1.133542876488166,0.0,-0.10295958930415909,0.22529385237560468,0.19190390070454866,-1.1909353483704277,-1.074456358244195,-0.9670307381894778,-1.3674236522558523,-1.3856417324322885,-0.521976011535898,-0.5219760115358982,-1.133542876488166,0.0,-0.0062370756413969745,0.22529385237560468,0.1739698773106234,-1.1930806405736496,-1.0683007793588217,-1.023714702233256,-1.2220900354278994,-1.3856417324322885,-0.3106080441445284,-0.3106080441445284,-1.1302227671157625,0.0,0.09049552244590942,0.3081604452037955,0.16412512709219604,-1.192779139242648,-1.0672714381446906,-1.1022382446014765,-1.0767564185999463,-1.3856417324322885,-0.15818848808898103,-0.15818848808898103,-1.133542876488166,0.0,-0.10295958930415909,0.20844022778116475,0.14763353404960583,-1.1954589788975933,-1.0609102138324573,-1.149236127604966,-0.9314228017719934,-1.3856417324322885,-0.09367900652769127,-0.09367900652769127,-1.1202551580569458,0.0,0.38090544959863065,0.551358659289733,0.15887855788020755,-1.1959332312997164,-1.056766874929604,-1.1539804650924175,-0.7860891849440405,-1.3856417324322885,1.0438280148281156,1.0438280148281156,-1.1235789079001524,0.0,-0.10303534874826442,0.4428364033004895,0.1589629017922787,-1.1963821588766212,-1.0536486367974323,-1.1584143233416255,-0.6407555681160876,-1.3856417324322885,1.001973288993363,1.001973288993363,-1.1700276748765739,0.0,-1.3591155371912431,-0.7282561148704579,0.06524487284946401,-1.1994490339414972,-1.058563252522214,-1.020265805031844,-0.4954219512881346,-1.3856417324322885,-1.3287696085523246,-1.3287696085523246,0.5750544894173283
-1.8159163642871652,0.0,0.4671225946323432,-1.4754004630642246,-1.5453019220148139,-1.7250412097093406,-1.7536116737747067,0.2756507636514054,0.08591251602367722,-1.3856417324322885,-0.6346822377705399,-0.6346822377705399,-1.7936439639139583,0.0,0.6568872461306495,-1.0764233350729044,-1.4671351086675006,-1.7292942005865086,-1.7589496237216884,0.36459142981354586,0.23124613285163018,-1.3856417324322885,-0.284810370219025,-0.284810370219025,-1.7936439639139583,0.0,-0.0062370756413969745,-1.0764233350729044,-1.3895335210795794,-1.736911033366917,-1.7625097458979033,0.29812543825591903,0.37657974967958313,-1.3856417324322885,-0.284810370219025,-0.284810370219025,-1.8286325288023029,0.0,-1.0472203858390083,-1.4175499058261902,-1.3822685442354117,-1.7417548467297599,-1.7710870976935786,0.26110256596670994,0.5219133665075361,-1.3856417324322885,-0.7802997682200254,-0.7802997682200257,-1.7936439639139583,0.0,1.0359155341053738,-0.8112828843601835,-1.2921745474145103,-1.7519054783786885,-1.7720959337870974,0.3633520577979002,0.667246983335489,-1.3856417324322885,-0.0666125056978846,-0.0666125056978846,-1.7649570539857349,0.0,0.8472587608331836,-0.37922846829119045,-1.150641751211228,-1.762017748179585,-1.769941383396675,0.30957088462928234,0.812580600163442,-1.3856417324322885,0.8490289399408564,0.8490289399408562,-1.7713351588327206,0.0,-0.19582468785046103,-0.45536448369301386,-1.0395810175266837,-1.7743255841110261,-1.7665384357073937,0.22239618759223648,0.9579142169913949,-1.3856417324322885,0.7117799779871742,0.7117799779871743,-1.796825735395845,0.0,-0.7640931147257953,-0.7492907188014093,-0.9913563899371739,-1.789125223195595,-1.7631856126618024,0.1413488475912548,1.1032478338193479,-1.3856417324322885,0.1632541608640691,0.1632541608640691,-1.7681461064092279,0.0,0.8471292083771,-0.3156032658596031,-0.8860697182549137,-1.802474688090843,-1.757447705808609,0.07853068406136089,1.2485814506473008,-1.3856417324322885,0.7804044589640152,0.7804044589640152,-1.6914122628220334,0.0,2.2748907913997183,0.5813311866502633,-0.6424968117979596,-1.8015644329054379,-1.758042616492498,0.24518606124059944,1.3939150674752538,-1.3856417324322885,1.5130470069600523,1.5130470069600523,-1.6303906912209065,0.0,1.8033504328778844,1.0961599733102996,-0.32434572521401395,-1.7798723928250408,-1.7731148548457354,0.48930441007839715,1.5392486843032067,-1.3856417324322885,1.2604704607482395,1.260470460748239,-1.6239543388410718,0.0,0.1842606426407095,1.1449005426905647,-0.059050822843973554,-1.750933993300231,-1.7871365201342522,0.5785484034470977,1.6845823011311598,-1.3856417324322885,1.2363380849212873,1.2363380849212875,0.18399823973578003
1.6347220887605691,0.0,-0.3217143098020155,-1.0001803949053485,-0.668063119165002,1.7550912447921667,1.7352005033651596,0.613589668348751,-0.9314228017719934,1.4037806301364542,-1.1434419993003522,-1.1434419993003524,1.6739991282549347,0.0,1.046589650275812,-0.5190712662649746,-0.6714985167444103,1.751507160200797,1.7277212433189322,0.8189675940703789,-0.7860891849440405,1.4037806301364542,-0.6042032192042555,-0.6042032192042555,1.7251877882169586,0.0,1.364327085984737,0.017752241805749067,-0.5659358170625207,1.7493306135856943,1.726346044537495,0.8879162473974211,-0.6407555681160876,1.4037806301364542,0.09857150384062549,0.09857150384062549,1.69760758141287,0.0,-0.7436012733477518,-0.24129893186577686,-0.5315378978856715,1.7448874915188506,1.7228964843130432,0.9056873222296866,-0.4954219512881346,1.4037806301364542,-0.28008017824372244,-0.28008017824372244,1.6818625451895746,0.0,-0.42751964180370705,-0.38450064743047563,-0.5299448541013505,1.7401122769488386,1.7182005864210834,0.8607412840780677,-0.3500883344601816,1.4037806301364542,-0.4962455062551803,-0.49624550625518055,1.7133635390485742,0.0,0.8370031671115751,-0.05213491580120826,-0.46088645332370115,1.736823387166064,1.716758312821183,0.8956059005127316,-0.2047547176322287,1.4037806301364542,0.019065074292770677,0.019065074292770677,1.6936685920039438,0.0,-0.5329662186872886,-0.24387332742090972,-0.44073348185053574,1.7357554320301058,1.71427308477152,0.897661040608886,-0.05942110080427573,1.4037806301364542,-0.18879336998617532,-0.18879336998617532,1.69760758141287,0.0,0.09916859440506032,-0.1999764104644043,-0.4125121842541606,1.729002144508292,1.7127523517209853,0.776517672932425,0.08591251602367722,1.4037806301364542,-0.07099449004402589,-0.07099449004402589,1.705481919759919,0.0,0.20445291062660742,-0.10851193497257963,-0.3705293041506406,1.7260932159473257,1.7113258730928427,0.8019191656730129,0.23124613285163018,1.4037806301364542,0.6066066033359959,0.606606603335996,1.7488654103201522,0.0,1.1542911372164941,0.36107608250871237,-0.24820679699172576,1.7218057761778338,1.7124683012456605,0.903483986891442,0.37657974967958313,1.4037806301364542,0.986099537597617,0.9860995375976173,1.7844437314785946,0.0,0.9443102908536043,0.6940970704981282,-0.07972859090521583,1.7188195312279546,1.7138856622315397,0.9363038245106847,0.5219133665075361,1.4037806301364542,1.6050726390185528,1.6050726390185526,1.7528153211414874,0.0,-0.8503896645132839,0.314990849247861,-0.009563161625378513,1.708123613073928,1.7186972644970977,0.9208675374588863,0.667246983335489,1.4037806301364542,0.8000514776835573,0.8000514776835574,0.20504679128962405
-0.027178316138346967,0.0,-0.0062370756413969745,-0.6938362412238334,-0.45723185950786804,-0.02884864770538107,0.0368781605074684,-0.6712612697662166,-0.6407555681160876,0.009069448852082836,-0.7799214876795973,-0.7799214876795973,0.008414566903307821,0.0,0.9959552246143374,0.15200320846183746,-0.37445775102674633,-0.04434583403621272,0.04459404159874112,-0.6490681441731806,-0.4954219512881346,0.009069448852082836,1.1696678493461814,1.1696678493461816,0.004850545987098345,0.0,-0.10648127910244769,0.07284183792962025,-0.3127280915883861,-0.054818668271533255,0.04940725545886576,-0.6561380014199752,-0.3500883344601816,0.009069448852082836,1.0016056440318388,1.0016056440318386,-0.012951356239933659,0.0,-0.5070002261220031,-0.30570324769625795,-0.29627169376148016,-0.06605380877506675,0.05391826244211038,-0.6072195406481866,-0.2047547176322287,0.009069448852082836,0.16215295354446707,0.16215295354446707,-0.009390975794527258,0.0,0.09396963983465531,-0.22128731748914962,-0.27333960670101964,-0.06932061278695428,0.05434659687104163,-0.6312523732042302,-0.05942110080427573,0.009069448852082836,0.3300434916419413,0.3300434916419413,-0.0378412551205508,0.0,-0.8068821773587965,-0.7663212951547228,-0.3087312819472417,-0.07613405825810596,0.054057450530574626,-0.6120306339804906,0.08591251602367722,0.009069448852082836,-1.011535808186036,-1.0115358081860357,-0.06978274594672233,0.0,-0.9059079051764003,-1.245331996731718,-0.3963007522415033,-0.08235720252760406,0.04925044872282363,-0.48365545086772577,0.23124613285163018,0.009069448852082836,-1.2197875027104508,-1.2197875027104508,-0.016508096214536985,0.0,1.4957645292128423,-0.1424171725061348,-0.35567693239872833,-0.0856873031144659,0.05010142273147742,-0.3503483252995382,0.37657974967958313,0.009069448852082836,0.5144778271706585,0.5144778271706583,-0.04494381365734823,0.0,-0.8066451687562739,-0.5576855715827207,-0.3762405253241629,-0.08717611780319466,0.047316298755246296,-0.18513880443245295,0.5219133665075361,0.009069448852082836,-0.41119843985827037,-0.41119843985827037,-0.027178316138346967,0.0,0.49425762685763946,-0.2500415646839795,-0.3533840275857912,-0.08847861922235495,0.046842030336704525,-0.17016136455951836,0.667246983335489,0.009069448852082836,0.1671270220673693,0.1671270220673693,-0.11935867734298447,0.0,-2.6017685510196826,-1.2747417964617158,-0.5136202651344594,-0.07463498272999064,0.022220093144193986,0.11985640675627365,0.812580600163442,0.009069448852082836,-1.3706475718757767,-1.370647571875777,-0.12642483117175116,0.0,-0.20575762996296657,-1.3346743916413255,-0.64760483372374,-0.06541416104845298,0.0022576267896759084,0.04325053271270153,0.9579142169913949,0.009069448852082836,-1.5260144301415122,-1.526014430141512,0.09352898569568684
-0.8217074284384508,0.0,0.6776429294198534,-0.8514685676044674,-0.7158172627521732,-0.8191098799203191,-0.7481754721392977,-0.24383449076516492,0.08591251602367722,0.7064250394942685,-0.5960413886262139,-0.5960413886262137,-0.7979897611564235,0.0,0.6780845485947643,-0.3998775302538274,-0.6571622708075118,-0.8191124153782104,-0.7474923863243456,-0.1664119775943631,0.23124613285163018,0.7064250394942685,0.03829874298528986,0.03829874298528986,-0.8047683177917474,0.0,-0.20167341080174517,-0.5000302467843478,-0.617447815472871,-0.8191647990078827,-0.748460805937365,-0.16059692220182606,0.37657974967958313,0.7064250394942685,-0.142996932388558,-0.142996932388558,-0.8690408298200194,0.0,-1.8597040326873902,-1.2727290748163405,-0.7064231501636753,-0.8139049878596522,-0.7622526142733087,0.0692638639187578,0.5219133665075361,0.7064250394942685,-1.597865270371787,-1.597865270371787,-0.980060627430565,0.0,-3.2141935965595856,-2.062878994316424,-0.9874114969782146,-0.7866164804596462,-0.8090299813533757,0.35905062765129725,0.667246983335489,0.7064250394942685,-1.635757770289453,-1.635757770289453,-0.9464991270970255,0.0,0.966899158118724,-1.538170375740509,-1.130471453739848,-0.779259223678859,-0.8340733915625116,0.45653338721467873,0.812580600163442,0.7064250394942685,-0.8379710582631931,-0.8379710582631927,-0.9464991270970255,0.0,-0.0062370756413969745,-1.538170375740509,-1.2300323060371303,-0.7755235852602034,-0.8551291911237197,0.3903307965974011,0.9579142169913949,0.7064250394942685,-0.8379710582631931,-0.8379710582631927,-0.9532157957286971,0.0,-0.20078693284157104,-1.5863435437288018,-1.3076256354595315,-0.7752565266642132,-0.8743897839952945,0.32877175642020584,1.1032478338193479,0.7064250394942685,-0.9184391456877343,-0.9184391456877343,-0.963288978440803,0.0,-0.2980703329672734,-1.6602434247016675,-1.3737438824351358,-0.7767831890886556,-0.8928555730188518,0.23237241253812843,1.2485814506473008,0.7064250394942685,-0.9794463301896875,-0.9794463301896874,-0.9834135010401962,0.0,-0.5894542243094752,-1.8046812767166969,-1.449942877278339,-0.7790597514707183,-0.9125866870424111,0.15582425403384328,1.3939150674752538,0.7064250394942685,-1.2183922780632472,-1.2183922780632472,-0.9767077538209338,0.0,0.1882205435804289,-1.6780884810323475,-1.4802530571478316,-0.7868297196723522,-0.9271373475606355,0.07165049413049274,1.5392486843032067,0.7064250394942685,-1.1256736699904435,-1.1256736699904437,-1.0001633072051397,0.0,-0.6862739373572152,-1.8531067696248447,-1.5337534512279571,-0.7981133012153118,-0.9418707813989784,0.006511467628174356,1.6845823011311598,0.7064250394942685,-1.4499874549052503,-1.44998745490525,-0.4921141476744367
-0.9397788179945509,0.0,-0.39561880933580384,-0.8588025748133215,-0.9222185203232438,-0.9112219600008398,-0.901753522074809,0.14453173836988087,-1.5127572690838054,-0.6882861417901028,-0.5026170091696722,-0.5026170091696722,-0.9364186634433135,0.0,0.09107016090065409,-0.8030668841501317,-0.8960330864946757,-0.9308115624801871,-0.8955860167720543,0.07448512982163745,-1.3674236522558523,-0.6882861417901028,0.026158958351833822,0.026158958351833822,-0.9330548684212732,0.0,0.09116537021609059,-0.744403704699689,-0.8590313813815214,-0.9327521063806593,-0.8973497923176574,-0.02983813056413185,-1.2220900354278994,-0.6882861417901028,0.09468007309192734,0.09468007309192734,-0.9464991270970255,0.0,-0.39548975230200367,-0.9066575707804873,-0.8471282943544634,-0.9345027291794284,-0.9003160964010789,-0.11363060349269057,-1.0767564185999463,-0.6882861417901028,-0.17918191471669268,-0.17918191471669268,-0.9296910733992327,0.0,0.4806120792058442,-0.5977021401321017,-0.7953571035308821,-0.9419503887431155,-0.8995839888940618,-0.1521437177585215,-0.9314228017719934,-0.6882861417901028,0.16320118783202087,0.16320118783202087,-0.9397788179945509,0.0,-0.2982776804910938,-0.7305134495636084,-0.7659879206965363,-0.9577633413670466,-0.8941564349480955,-0.18786329227478857,-0.7860891849440405,-0.6882861417901028,-1.0336867095501587,-1.0336867095501585,-0.9128684578182276,0.0,0.7730642163611463,-0.253324208926512,-0.6815319384686218,-0.9756618432362707,-0.883927273893138,-0.063158891245356,-0.6407555681160876,-0.6882861417901028,-0.16884597130745654,-0.16884597130745654,-0.8250930662853097,0.0,2.533530803660269,0.8564261031035861,-0.4348325771516829,-0.9559089850622148,-0.896356911456625,0.13236249705204048,-0.4954219512881346,-0.6882861417901028,1.5916724417716641,1.5916724417716643,-0.8420103341071947,0.0,-0.49439938475519635,0.6065059120515743,-0.27032059138805886,-0.9458082333379362,-0.9017815530720641,0.11670870949239259,-0.3500883344601816,-0.6882861417901028,0.9850268699277787,0.9850268699277785,-0.8622877564803171,0.0,-0.5916675615758311,0.3197673135837998,-0.17870257901130052,-0.9403600538480575,-0.8947706743713795,0.12848751267747624,-0.2047547176322287,-0.6882861417901028,0.5265218859216628,0.526521885921663,-0.8318607015082243,0.0,0.8727786205615647,0.6548856794030232,-0.04523273134154279,-0.9324809330424858,-0.8858074417742026,0.11301110267800098,-0.05942110080427573,-0.6882861417901028,1.214526312550588,1.2145263125505883,-0.8791649791233682,0.0,-1.3715300542789386,0.037918661946724455,-0.03380679215840875,-0.9302305040840544,-0.8806390741736038,0.13807634261490506,0.08591251602367722,-0.6882861417901028,0.14490086153165369,0.14490086153165369,-0.2990964153801368
0.9766523840428921,0.0,0.30323216553114407,1.0655975840443734,0.6274830489909978,0.8897782476828339,0.9946697666894609,-0.9203346680482437,-1.2220900354278994,1.4037806301364542,1.5718318439960122,1.5718318439960122,0.9804275522656799,0.0,0.09691809936539074,1.1219676230453548,0.6311927998305857,0.8948912816186845,0.9948206101109222,-0.9750002866264065,-1.0767564185999463,1.4037806301364542,1.5686800660212328,1.5686800660212328,0.9804275522656799,0.0,-0.0062370756413969745,1.1219676230453548,0.6265465132771638,0.8990816089567755,0.9970338968956077,-1.0110205745268708,-0.9314228017719934,1.4037806301364542,1.3003905564317835,1.3003905564317835,0.9917566974048463,0.0,0.30329350919066944,1.302153755394272,0.6377513734533762,0.9050063837106298,0.9975047861716608,-1.0444821857255888,-0.7860891849440405,1.4037806301364542,1.6738544652892102,1.6738544652892102,0.9766523840428921,0.0,-0.41877373639234383,0.8624023954554842,0.6091117080135842,0.906967295273535,1.0019614132820562,-1.0313885549512005,-0.6407555681160876,1.4037806301364542,0.7143236449082753,0.7143236449082754,0.9842027204884676,0.0,0.20007327437217845,0.995726039297226,0.5942639204258543,0.9083629355963,1.0085003203264686,-1.0486688677743525,-0.4954219512881346,1.4037806301364542,1.1939734211121942,1.193973421112194,0.9691020475973166,0.0,-0.41876604254972494,0.5750383478073602,0.5457154001320583,0.909521500205878,1.0092269715025002,-1.0206065496729444,-0.3500883344601816,1.4037806301364542,0.12423059002922383,0.12423059002922383,0.950244408837393,0.0,-0.5216301843862199,0.11015356565831697,0.4639064092100226,0.8947345042384911,1.0327977490876181,-1.0387422117628378,-0.2047547176322287,1.4037806301364542,-1.6813812884072472,-1.6813812884072472,0.9540159365893778,0.0,0.09689883879924403,0.19324014269922352,0.4016034002411164,0.8907377623476219,1.040603015959452,-1.055639273439459,-0.05942110080427573,1.4037806301364542,-0.7237006118110914,-0.7237006118110915,0.9955391465692401,0.0,1.1291272930009626,0.9609565820763568,0.42975209584600826,0.8934429907203348,1.0443174989961888,-0.5398993769355084,0.08591251602367722,1.4037806301364542,-0.2938552769250932,-0.2938552769250932,0.8787783265022469,0.0,-3.194912707563562,-0.9195822278843284,0.21625646377609642,0.9077094763664156,1.022777718262124,0.023838761971619032,0.23124613285163018,1.4037806301364542,-1.0438583916103963,-1.0438583916103965,0.9351728597126666,0.0,1.5391788734062262,-0.11107303898608448,0.15739295404997924,0.9079127940720113,1.022194720485858,0.29758521046921965,0.37657974967958313,1.4037806301364542,-0.30597231911487793,-0.30597231911487793,-0.7258561141854629
0.4342732009761047,0.0,-0.41223652908524117,0.7673203892095118,0.2537289300307624,0.3408577805752073,0.4709258843289555,-0.9297383124853215,-0.6407555681160876,0.7064250394942685,0.7969376819080787,0.7969376819080786,0.4306181682898184,0.0,-0.10773082996961438,0.6534059245998807,0.2586214415095143,0.34392040584150846,0.47223927077876643,-0.92807850189472,-0.4954219512881346,0.7064250394942685,0.60450325960891,0.6045032596089099,0.4050547823106326,0.0,-0.7161644807329867,-0.05558558551407825,0.20872790292801724,0.342529059211845,0.4769343351784092,-0.8554044130042813,-0.3500883344601816,0.7064250394942685,-0.46317542179121357,-0.46317542179121357,0.3977556383504691,0.0,-0.20909871683245634,-0.23186091675825482,0.15250274265000532,0.34162902080978574,0.4760084095317183,-0.8735391922009859,-0.2047547176322287,0.7064250394942685,-0.7680309837688906,-0.7680309837688902,0.412353926270796,0.0,0.39957493777218367,0.13917442745993264,0.13514688065410413,0.3421714252836926,0.4772937063757573,-0.8618630111229386,-0.05942110080427573,0.7064250394942685,-0.34102597087356834,-0.34102597087356834,0.30319076876981815,0.0,-3.0394936392513356,-1.56996997476659,-0.09565795578560046,0.3591565623999143,0.4517954261771691,-0.49652114442847306,0.08591251602367722,0.7064250394942685,-1.5295044604729984,-1.5295044604729986,0.29230940153942986,0.0,-0.3095833783618431,-1.6725658476926875,-0.29721932214262925,0.37173531139647087,0.4296415108105863,-0.3710286590882901,0.23124613285163018,0.7064250394942685,-1.2319427189263548,-1.2319427189263545,0.33586399422740754,0.0,1.2083571546358232,-0.7955828642203415,-0.366205803741428,0.37400916998116585,0.42296796779845086,-0.3250505176775107,0.37657974967958313,0.7064250394942685,-0.4598170662455103,-0.4598170662455103,0.3576813357502302,0.0,0.6013813178455407,-0.4270094876027645,-0.37341019971201794,0.3742364266446635,0.41981380167468735,-0.36712233063666666,0.5219133665075361,0.7064250394942685,-0.07304432832204821,-0.07304432832204821,0.3431340144211464,0.0,-0.4111184358022401,-0.6136356431329765,-0.4038512838572651,0.3749293069496048,0.41436447039382185,-0.40618901409874003,0.667246983335489,0.7064250394942685,-0.3309358452154495,-0.3309358452154495,0.3540445054179593,0.0,0.29755651809148304,-0.42681387106826413,-0.4019393271087165,0.3747569879960345,0.4108816678172874,-0.44242261715437514,0.812580600163442,0.7064250394942685,-0.1375172075453986,-0.1375172075453986,0.3686027481594523,0.0,0.39899245940919686,-0.18356940110931041,-0.367506720441999,0.37375966224980656,0.40895907371647766,-0.5186285189799233,0.9579142169913949,0.7064250394942685,0.1205679215979228,0.1205679215979228,0.2977659069738835
1.13214417298379,0.0,0.20106050271896173,0.02100464249903548,-0.0663896938449185,1.0506859457698554,1.213681606363904,-0.9544231419754166,-0.4954219512881346,-0.6882861417901028,-0.004832128155195086,-0.004832128155195086,1.139763678374624,0.0,0.2010141962005689,0.21987441408401193,-0.04479853080022709,1.0512291227848463,1.2158111263923466,-0.9020634645663961,-0.3500883344601816,-0.6882861417901028,-0.005365720896982491,-0.005365720896982491,1.13214417298379,0.0,-0.21344206164863858,0.0040504485810765435,-0.04275983069177417,1.0449899137968428,1.2190309979140934,-0.9130453839051207,-0.2047547176322287,-0.6882861417901028,-0.5641798500783192,-0.5641798500783194,1.113104510683713,0.0,-0.5241177023656155,-0.4797731596506515,-0.07858770173992247,1.0455491681612514,1.2173213577227806,-0.9084312317703849,-0.05942110080427573,-0.6882861417901028,-1.6813812884072472,-1.6813812884072472,1.1093002186945005,0.0,-0.10977197175242254,-0.568875894424101,-0.11362545635441493,1.0434416099501436,1.2156197585332902,-0.8597543189566227,0.08591251602367722,-0.6882861417901028,-0.7679070945493169,-0.767907094549317,1.139763678374624,0.0,0.8229272339298688,0.24908696966055224,-0.08005715205098693,1.0417907550614722,1.2165166815761062,-0.7699347694254551,0.23124613285163018,-0.6882861417901028,0.4518076101264708,0.4518076101264708,1.13214417298379,0.0,-0.21344206164863858,0.05353692574230417,-0.06823284416144337,1.0423025809503066,1.216766283147376,-0.8052087043826602,0.37657974967958313,-0.6882861417901028,0.14673317455208923,0.14673317455208923,1.113104510683713,0.0,-0.5241177023656155,-0.3926653591997983,-0.09610363773477354,1.0423025809503066,1.216766283147376,-0.7785744678487008,0.5219133665075361,-0.6882861417901028,-0.615588515870278,-0.6155885158702781,1.13214417298379,0.0,0.5119327871917977,0.07219604906515831,-0.07965150900222304,1.0426481107297119,1.2179475574312373,-0.7984338338318384,0.667246983335489,-0.6882861417901028,0.14673317455208923,0.14673317455208923,1.177923093332446,0.0,1.2389539150004512,0.9147729996151646,0.024078033206293793,1.0549705819986304,1.2116652028583248,-0.6976572330879774,0.812580600163442,-0.6882861417901028,1.5393424150856032,1.5393424150856032,1.1932094302345537,0.0,0.40899545714565677,1.135047976680147,0.13486340452564322,1.069039953376387,1.2047766311382313,-0.6931050640097182,0.9579142169913949,-0.6882861417901028,1.2531361898995443,1.2531361898995443,1.189386935891326,0.0,-0.11002348128658303,1.0376582327658261,0.21222518233331422,1.0787009487059467,1.2011785067109348,-0.7485648756881585,1.1032478338193479,-0.6882861417901028,1.1480316956908485,1.1480316956908483,-0.0062332911563055815
0.4014070305659524,0.0,0.09526652771357849,1.592239913100216,1.6422153954254217,0.3597177508961788,0.1571327172146164,0.803073092695078,0.667246983335489,-0.6882861417901028,1.5881875988700807,1.5881875988700807,0.412353926270796,0.0,0.2980380455818639,1.6622288140139547,1.6850465976760247,0.3751529464613753,0.17065800743256168,0.6807476449770571,0.812580600163442,-0.6882861417901028,1.6320666086222841,1.6320666086222841,0.4050547823106326,0.0,-0.20905437071365177,1.545409825505552,1.6846448816994155,0.3848574908402037,0.18958107028209534,0.7241518442681979,0.9579142169913949,-0.6882861417901028,1.0978886393135578,1.0978886393135576,0.38681966405803475,0.0,-0.5130370560535416,1.253899204476726,1.6288063160995983,0.3889487309483327,0.21124472546299553,0.6359224434625068,1.1032478338193479,-0.6882861417901028,0.910279820998853,0.9102798209988527,0.37953144151028056,0.0,-0.20890588998278295,1.1376995112006887,1.5517616821029228,0.39334040256328934,0.22754427549407164,0.5679405300466832,1.2485814506473008,-0.6882861417901028,0.6525957042190921,0.6525957042190921,0.3540445054179593,0.0,-0.7151253782979087,0.7428914999447448,1.423086518690525,0.39434312729173465,0.24289007904547177,0.5760041078100185,1.3939150674752538,-0.6882861417901028,-0.19501184951971673,-0.19501184951971673,0.3686027481594523,0.0,0.39899245940919686,0.8891384926488354,1.3344092637405065,0.3944523878589949,0.2609585516850648,0.4554696517811336,1.5392486843032067,-0.6882861417901028,0.053461998240137705,0.053461998240137705,0.36132180655330426,0.0,-0.20881403019536618,0.7731795781485019,1.235005624548647,0.3898504568736872,0.2841245199099744,0.3151427888941936,1.6845823011311598,-0.6882861417901028,-0.07080599263750882,-0.07080599263750882,0.34677084475341735,0.0,-0.4111755350927885,0.5414630880272078,1.1139919607679498,0.38122699956971695,0.30951746169355304,0.24154388803854654,-1.6580908859117582,0.009069448852082836,-0.3191555724064855,-0.3191555724064855,0.3394971840888754,0.0,-0.20874403529385502,0.42585638519049024,0.9917797669369652,0.352083932826059,0.3598938548974296,0.15902944811053266,-1.5127572690838054,0.009069448852082836,-1.1799510580739885,-1.179951058073988,0.33586399422740754,0.0,-0.10741128375445406,0.36608593520402044,0.8772015394187278,0.325415962744354,0.40163755778754057,0.06816528830245608,-1.3674236522558523,0.009069448852082836,-1.263536721991241,-1.2635367219912408,0.3104462270803447,0.0,-0.7141282191965701,-0.036842735444388076,0.7269434343152728,0.324076749492489,0.40407844805136256,0.012008823413054799,-1.2220900354278994,0.009069448852082836,-1.6036787949358908,-1.6036787949358908,0.39846725721803833
0.41600531848627925,0.0,0.0952221497737613,0.6793584232819709,0.20355626302300814,0.3218928601969431,0.4647473162659408,-0.971271529937815,1.1032478338193479,-1.3856417324322885,0.6657603821299994,0.6657603821299991,0.41600531848627925,0.0,-0.0062370756413969745,0.6793584232819709,0.21445512351921642,0.32482979120453176,0.46581775924328295,-1.009546298361958,1.2485814506473008,-1.3856417324322885,0.6657603821299994,0.6657603821299991,0.412353926270796,0.0,-0.10768520710444732,0.5533838057951503,0.21298868280363786,0.32696428978768294,0.46659825609759176,-0.9881411229812683,1.3939150674752538,-1.3856417324322885,0.49785630285256816,0.4978563028525684,0.41965671070176247,0.0,0.19668137518912557,0.7414918505961723,0.22345642398184365,0.32940449326673843,0.46890128652020774,-1.0536697353555746,1.5392486843032067,-1.3856417324322885,0.8336644614074301,0.83366446140743,0.42696313560353205,0.0,0.1967381378710516,0.9222589521458879,0.24316219742560077,0.3302702844374036,0.47498506289515446,-1.086002113656729,1.6845823011311598,-1.3856417324322885,1.1696400218359482,1.1696400218359482,0.412353926270796,0.0,-0.4119975995842175,0.39512062289291827,0.22665604896305852,0.3304372110424576,0.47847804633945207,-1.1018098299294545,-1.6580908859117582,-0.6882861417901028,0.49785630285256816,0.4978563028525684,0.42696313560353205,0.0,0.3997009817776069,0.766275303253607,0.2395955597065763,0.3323099723994568,0.4817201129266821,-1.102230614159492,-1.5127572690838054,-0.6882861417901028,1.1696400218359482,1.1696400218359482,0.42696313560353205,0.0,-0.0062370756413969745,0.766275303253607,0.24664321313627852,0.3342805373304893,0.4841323656831491,-1.1453237657012856,-1.3674236522558523,-0.6882861417901028,1.1696400218359482,1.1696400218359482,0.4306181682898184,0.0,0.09527888898325357,0.8599476522446057,0.25620339894737504,0.3362673737313731,0.4868951814968276,-1.1995966444418733,-1.2220900354278994,-0.6882861417901028,1.3377115029870355,1.3377115029870355,0.43792823366239103,0.0,0.19677264088147314,1.0441772930313185,0.27483212009284463,0.33837532311977575,0.49063542699022983,-1.2357350795349256,-1.0767564185999463,-0.6882861417901028,1.6738544652892102,1.6738544652892102,0.44158690681948043,0.0,0.0953466555222674,1.134691496442705,0.2931517311549785,0.3426335255633114,0.49038169291491307,-1.2692637958247568,-0.9314228017719934,-0.6882861417901028,1.463747173092504,1.4637471730925038,0.41965671070176247,0.0,-0.6150663318094326,0.28372493893196327,0.2605503858862945,0.34305165374284724,0.4917928547258112,-1.2576525774636937,-0.7860891849440405,-0.6882861417901028,0.2043577918059777,0.2043577918059777,-0.6144467333387602
1.6897332430658207,0.0,0.3097336879829157,-0.6784968482366462,-0.21363616642401886,1.7399498290934017,1.797923270969103,0.5182152001486133,-1.3674236522558523,1.4037806301364542,-1.3632231689338914,-1.3632231689338914,1.622959727595837,0.0,-1.793270595910212,-1.2041120969268597,-0.43394350248544417,1.752644142705374,1.768929167954531,0.6538763696219485,-1.2220900354278994,1.4037806301364542,-1.6813812884072472,-1.6813812884072472,1.6464953713377104,0.0,0.6248537241969969,-0.9087423015647815,-0.5555431039736883,1.754980080592804,1.7519332254647735,0.6566679344611416,-1.0767564185999463,1.4037806301364542,-0.9818053124127095,-0.9818053124127094,1.6347220887605691,0.0,-0.3217143098020155,-1.0001803949053485,-0.668063119165002,1.7550912447921667,1.7352005033651596,0.613589668348751,-0.9314228017719934,1.4037806301364542,-1.1434419993003522,-1.1434419993003524,1.6739991282549347,0.0,1.046589650275812,-0.5190712662649746,-0.6714985167444103,1.751507160200797,1.7277212433189322,0.8189675940703789,-0.7860891849440405,1.4037806301364542,-0.6042032192042555,-0.6042032192042555,1.7251877882169586,0.0,1.364327085984737,0.017752241805749067,-0.5659358170625207,1.7493306135856943,1.726346044537495,0.8879162473974211,-0.6407555681160876,1.4037806301364542,0.09857150384062549,0.09857150384062549,1.69760758141287,0.0,-0.7436012733477518,-0.24129893186577686,-0.5315378978856715,1.7448874915188506,1.7228964843130432,0.9056873222296866,-0.4954219512881346,1.4037806301364542,-0.28008017824372244,-0.28008017824372244,1.6818625451895746,0.0,-0.42751964180370705,-0.38450064743047563,-0.5299448541013505,1.7401122769488386,1.7182005864210834,0.8607412840780677,-0.3500883344601816,1.4037806301364542,-0.4962455062551803,-0.49624550625518055,1.7133635390485742,0.0,0.8370031671115751,-0.05213491580120826,-0.46088645332370115,1.736823387166064,1.716758312821183,0.8956059005127316,-0.2047547176322287,1.4037806301364542,0.019065074292770677,0.019065074292770677,1.6936685920039438,0.0,-0.5329662186872886,-0.24387332742090972,-0.44073348185053574,1.7357554320301058,1.71427308477152,0.897661040608886,-0.05942110080427573,1.4037806301364542,-0.18879336998617532,-0.18879336998617532,1.69760758141287,0.0,0.09916859440506032,-0.1999764104644043,-0.4125121842541606,1.729002144508292,1.7127523517209853,0.776517672932425,0.08591251602367722,1.4037806301364542,-0.07099449004402589,-0.07099449004402589,1.705481919759919,0.0,0.20445291062660742,-0.10851193497257963,-0.3705293041506406,1.7260932159473257,1.7113258730928427,0.8019191656730129,0.23124613285163018,1.4037806301364542,0.6066066033359959,0.606606603335996,0.9443118540103066
1.7133635390485742,0.0,0.20459984479483045,-0.11722773075032053,-0.12045241401342469,1.6807062281110783,1.773116209467925,0.3735327152761029,-1.2220900354278994,-1.3856417324322885,-0.2939039070776844,-0.2939039070776844,1.760715142784158,0.0,1.2601521967428746,0.3625581918687693,-0.03295429778087698,1.684478251059851,1.772884920609017,0.3977121233755707,-1.0767564185999463,-1.3856417324322885,0.4866928144343448,0.48669281443434503,1.7686222453684348,0.0,0.20494522458552902,0.43712362956590584,0.05120971053210408,1.6892150252192912,1.7752449689044747,0.3126912218018178,-0.9314228017719934,-1.3856417324322885,0.6843862212929488,0.6843862212929487,1.6386465162862829,0.0,-3.4768290855478283,-0.7448079949216015,-0.14014972931547803,1.6954084585898896,1.7646701199755952,0.632777293348277,-0.7860891849440405,-1.3856417324322885,-1.6813812884072472,-1.6813812884072472,1.6857978941276976,0.0,1.257519141307349,-0.298181602190834,-0.19583912443872292,1.6959976498338856,1.7613094108219747,0.775961768170139,-0.6407555681160876,-1.3856417324322885,-0.6249326806066755,-0.6249326806066758,1.6739991282549347,0.0,-0.32203868839299127,-0.38968880643082465,-0.2608695414872,1.6971189931177282,1.758205613657421,0.739997820914172,-0.4954219512881346,-1.3856417324322885,-0.8892895318946351,-0.8892895318946351,1.69760758141287,0.0,0.625873626879428,-0.16778065450364427,-0.262642184947357,1.6971189931177282,1.758205613657421,0.7221812299904062,-0.3500883344601816,-1.3856417324322885,-0.36033112998089933,-0.36033112998089933,1.6936685920039438,0.0,-0.11163077196219702,-0.2022834828280804,-0.2691666758567705,1.6972758832457102,1.7568616422835475,0.6289234213708731,-0.2047547176322287,-1.3856417324322885,-0.4485860244867841,-0.4485860244867841,1.69760758141287,0.0,0.09916859440506032,-0.1619582432487971,-0.26380170127811076,1.6946856998627158,1.7543236748230997,0.5728874484810794,-0.05942110080427573,-1.3856417324322885,-0.36033112998089933,-0.36033112998089933,1.6936685920039438,0.0,-0.11163077196219702,-0.2012375621824495,-0.2647208274410368,1.6855361016694015,1.7544230540540242,0.6443317872977775,0.08591251602367722,-1.3856417324322885,-0.4485860244867841,-0.4485860244867841,1.7409692291482846,0.0,1.2595077218765343,0.2890477324453472,-0.1694908445255477,1.6839876179652997,1.7547929369212267,0.8180751631236769,0.23124613285163018,-1.3856417324322885,0.6112068075972825,0.6112068075972824,1.7844437314785946,0.0,1.1555370316191351,0.6725652541490323,-0.007562051999405527,1.6857362842893453,1.7538267661805669,1.1353637394520635,0.37657974967958313,-1.3856417324322885,0.571172382759639,0.5711723827596388,2.112070410097463
0.18753301135615622,0.0,0.2961269311675243,0.6350445745283554,0.10399011958214087,0.10121047288161862,0.23285935292531268,-0.9065008135485535,-1.5127572690838054,1.4037806301364542,0.6228960255975782,0.6228960255975781,0.18032851963687271,0.0,-0.20778135566210867,0.4274310873376996,0.11686314743485987,0.0984681562196043,0.24175379778148465,-0.9360815186213914,-1.3674236522558523,1.4037806301364542,0.4128953438377094,0.4128953438377094,0.19113343698039645,0.0,0.29609409926015007,0.6675233612931448,0.1465683670564882,0.10125288476805622,0.24147973659105645,-0.9776225125702152,-1.2220900354278994,1.4037806301364542,0.5931431875883677,0.5931431875883677,0.19113343698039645,0.0,-0.0062370756413969745,0.6675233612931443,0.16781168633273386,0.10350062709680871,0.24319039845936016,-1.0442858814062081,-1.0767564185999463,1.4037806301364542,0.5532637956678145,0.5532637956678145,0.19113343698039645,0.0,-0.0062370756413969745,0.6675233612931443,0.18218322249746322,0.10565845061549402,0.24318646986584527,-1.0921285856638718,-0.9314228017719934,1.4037806301364542,0.5532637956678145,0.5532637956678145,0.16593409808151802,0.0,-0.7111072480447965,-0.09802739740540418,0.14130538642636195,0.10556966465462958,0.2429147695223677,-1.0804173794381076,-0.7860891849440405,1.4037806301364542,-0.31681232492885447,-0.31681232492885447,0.16233731292808087,0.0,-0.10692202481205934,-0.19384941461377114,0.10021447684977502,0.10514985036315562,0.24442041291377203,-1.055583099605007,-0.6407555681160876,1.4037806301364542,-0.005631393808773637,-0.005631393808773637,0.16953088323495516,0.0,0.1951546780080924,0.01658593042420543,0.08070717475761778,0.10522469433397229,0.24470615146906285,-1.0325652999191324,-0.4954219512881346,1.4037806301364542,0.32992614487450406,0.32992614487450406,0.1767280940126325,0.0,0.19521286892018552,0.2207232436248937,0.07833959214059995,0.10225442027720755,0.2520275555265728,-1.0532124038497934,-0.3500883344601816,1.4037806301364542,0.6656535001259414,0.6656535001259413,0.18753301135615622,0.0,0.2961269311675243,0.5095591931683463,0.0965431774090859,0.10330589882463402,0.25205357925910105,-1.0583115182613616,-0.2047547176322287,1.4037806301364542,1.1696690744234959,1.169669074423496,0.198341569170483,0.0,0.2961302651274273,0.7746871279059504,0.13066350654234835,0.10399467465236513,0.25172187982776606,-1.0630038071986707,-0.05942110080427573,1.4037806301364542,1.6738544652892102,1.6738544652892102,0.198341569170483,0.0,-0.0062370756413969745,0.7746871279059504,0.15554720917400827,0.10321836062969096,0.2521420870907423,-1.0251697455077518,0.08591251602367722,1.4037806301364542,1.1137687576685689,1.1137687576685686,-0.8122027980160764
1.6543515073307442,0.0,0.414689755729517,0.39492537221195456,0.2314705815228831,1.648269172109233,1.6140788475578227,0.620573377204801,-1.0767564185999463,-1.3856417324322885,0.014921920725489514,0.014921920725489514,1.6504234393342274,0.0,-0.1114698267881542,0.3556312308320501,0.2681048318010058,1.648588246405993,1.6141519293368376,0.6108894755368055,-0.9314228017719934,-1.3856417324322885,0.22223803676362844,0.22223803676362844,1.6308013017056584,0.0,-0.5319728217863343,0.15582076828610922,0.2546902786459415,1.6419141601059286,1.6145605188712857,0.6168083368323721,-0.7860891849440405,-1.3856417324322885,0.5519024857617328,0.5519024857617326,1.5837991831671696,0.0,-1.2662783967570421,-0.2834744902480169,0.14821388185750506,1.6406208885235687,1.6107503134799397,0.5915024415433141,-0.6407555681160876,-1.3856417324322885,-0.4069591020902077,-0.4069591020902077,1.6151217939568185,0.0,0.8346071174117288,0.018091630769794993,0.12452235588176411,1.634340985686273,1.6103731231440646,0.6138591567371353,-0.4954219512881346,-1.3856417324322885,0.23203439972050363,0.23203439972050363,1.662204002852975,0.0,1.2565234216713765,0.42487210137291426,0.1970440800172622,1.63839543873312,1.6121972892157412,0.6197505110175547,-0.3500883344601816,-1.3856417324322885,1.180842405532103,1.1808424055321025,1.6739991282549347,0.0,0.3096821300277485,0.520646085234738,0.274521894967046,1.6181689676365887,1.6234605883298854,0.5488196450642262,-0.2047547176322287,-1.3856417324322885,1.4273104002262902,1.42731040022629,1.6700674197876149,0.0,-0.11150763211360516,0.4774506748749897,0.3239810515828472,1.597977232107302,1.6354842072592,0.529250547238128,-0.05942110080427573,-1.3856417324322885,0.8318951704689381,0.8318951704689382,1.7251877882169586,0.0,1.469765115385932,0.9196834339733388,0.4673955314006559,1.6147720692513827,1.6280493858608092,0.5726406006532,0.08591251602367722,-1.3856417324322885,1.53034719442648,1.53034719442648,1.7015429303509928,0.0,-0.6383886680519888,0.6490843284171612,0.5274354024579754,1.6255015221528952,1.627101913717977,0.5055433614765175,0.23124613285163018,-1.3856417324322885,0.9162581986829575,0.9162581986829578,1.658279575327261,0.0,-1.1636830600337196,0.19490065269322182,0.48277468257761297,1.6269757115850645,1.6358416242611278,0.5348778702811977,0.37657974967958313,-1.3856417324322885,-0.007533514055468648,-0.007533514055468648,1.5837991831671696,0.0,-2.001336879445045,-0.4473147220480229,0.29502186095623173,1.623414810863997,1.6437412844198842,0.6379220240140561,0.5219133665075361,-1.3856417324322885,-1.5978948949807015,-1.5978948949807015,-0.21597317441796304
-0.02362157616374364,0.0,0.8948422809235732,-1.0626345592290036,-0.36854832155367195,-0.00026101659847440505,0.08575547857912584,-0.5828279907340145,0.23124613285163018,-0.6882861417901028,-0.5896981838616155,-0.5896981838616155,0.01554260873572677,0.0,1.096393701210305,-0.30243954717204163,-0.3544900450498908,-0.000984028085740697,0.08325990328999022,-0.42776747370898394,0.37657974967958313,-0.6882861417901028,0.16304677439385848,0.16304677439385848,0.004850545987098345,0.0,-0.3069047139631565,-0.45856502918194386,-0.3608840655005788,-0.002585460448596784,0.07949902926638425,-0.3813010121882424,0.5219133665075361,-0.6882861417901028,-0.04245721727711454,-0.04245721727711454,0.008414566903307821,0.0,0.09401796000699002,-0.3919939152851468,-0.35511122422437436,-0.003963122818523546,0.07658809741910888,-0.36576033818930326,0.667246983335489,-0.6882861417901028,0.02604411327987631,0.02604411327987631,0.02980597334217082,0.0,0.5954329341004,-0.005739880209736257,-0.30471002480909254,-0.0058961273409381815,0.0760253889809923,-0.3511735012734146,0.812580600163442,-0.6882861417901028,0.43719203805299084,0.43719203805299084,0.05479780540527403,0.0,0.6962455234387542,0.392719191811638,-0.2128166889438762,-0.005491138801312331,0.0759761460542902,-0.33748657122578873,0.9579142169913949,-0.6882861417901028,0.9175410005389391,0.917541000538939,0.05479780540527403,0.0,-0.0062370756413969745,0.392719191811638,-0.13875493037719544,-0.006427651340027084,0.07620167517677752,-0.436155764626661,1.1032478338193479,-0.6882861417901028,0.9175410005389391,0.917541000538939,0.06909757471974882,0.0,0.3954037059923629,0.6157515787670738,-0.0513037516237763,-0.005327183431774679,0.07581179010351502,-0.5138175701611513,1.2485814506473008,-0.6882861417901028,1.1923859713539142,1.192385971353914,0.05479780540527403,0.0,-0.40770406185141544,0.3268219049856279,-0.01076695668101482,-0.006262153816562193,0.07603576642879087,-0.5720009175448617,1.3939150674752538,-0.6882861417901028,0.9175410005389391,0.917541000538939,0.07625109984778929,0.0,0.5963263475172593,0.6629371018038558,0.06306887169141476,-0.002628974689946609,0.07488985573658516,-0.5980949338630949,1.5392486843032067,-0.6882861417901028,1.329878427476986,1.3298784274769857,0.07267251704836751,0.0,-0.10668428515513002,0.5872978695373039,0.11278082572409388,0.0013042578186373678,0.07451671187092339,-0.6781066412021551,1.6845823011311598,-0.6882861417901028,1.5240011407755403,1.5240011407755403,0.07982968264721106,0.0,0.1946790956001519,0.7020316296497248,0.16420035954447165,0.005950055062098746,0.0737860880613161,-0.7244698489074991,-1.6580908859117582,0.009069448852082836,1.4631878361448811,1.463187836144881,-0.3074394212711595
0.0012901655416919444,0.0,-2.911885244461737,-1.2723751227378899,-0.2549360146054178,0.06823526505349682,0.1288254908240406,0.2734973512341196,0.23124613285163018,-1.3856417324322885,-1.5578221971104333,-1.5578221971104333,0.008414566903307821,0.0,0.19419222596818525,-1.1648622369355968,-0.41913009946275404,0.07398752541790896,0.11694126320718048,0.4233721358095764,0.37657974967958313,-1.3856417324322885,-1.3238087250173596,-1.3238087250173596,-0.0022702149037144566,0.0,-0.3067648970491594,-1.254902563112734,-0.5644295290828383,0.07969329959303219,0.10259442337804485,0.3814077543692399,0.5219133665075361,-1.3856417324322885,-1.5026254695307897,-1.5026254695307897,-0.005830595349120857,0.0,-0.10641133288195825,-1.2858208697838687,-0.679217862796761,0.08442241095899367,0.08959208594175234,0.46731026949257987,0.667246983335489,-1.3856417324322885,-1.1601469827355233,-1.160146982735523,-0.027178316138346967,0.0,-0.606937766630891,-1.4696768842194352,-0.8038760837672856,0.09085798277567961,0.07380575685376771,0.4219802338451482,0.812580600163442,-1.3856417324322885,-1.4730262916165746,-1.4730262916165744,0.02980597334217082,0.0,1.59827515468496,-0.5757829285944528,-0.7803489899405153,0.091234745668771,0.07055843379844451,0.560808867065771,0.9579142169913949,-1.3856417324322885,-0.6378455580021313,-0.6378455580021314,0.019106629651936245,0.0,-0.30697944398762533,-0.6850546126684196,-0.774485688439674,0.09165821319464171,0.06511320521841835,0.45351584602389117,1.1032478338193479,-1.3856417324322885,-0.7946587041142407,-0.7946587041142408,0.01554260873572677,0.0,-0.10644879658057511,-0.7225589917609796,-0.7684550608245185,0.08665728344085656,0.05901780707234867,0.32606684256180285,1.2485814506473008,-1.3856417324322885,-0.8468941821828883,-0.846894182182888,0.011978587819517295,0.0,-0.1064596217486158,-0.7620024713271476,-0.7623620623516344,0.08476019782480247,0.05267862620566236,0.23552690797906217,1.3939150674752538,-1.3856417324322885,-0.8991296602515357,-0.8991296602515357,0.019106629651936245,0.0,0.19422967158721038,-0.6415141722561735,-0.735201227619307,0.08274474998939013,0.04789315262350872,0.15139730755908284,1.5392486843032067,-1.3856417324322885,-0.750733999024087,-0.750733999024087,0.019106629651936245,0.0,-0.0062370756413969745,-0.6415141722561735,-0.705902715938143,0.08124559831570675,0.04366563455050909,0.0037914447426800496,1.6845823011311598,-1.3856417324322885,-0.750733999024087,-0.750733999024087,0.01554260873572677,0.0,-0.10644879658057511,-0.690003678281952,-0.682292741002326,0.07890618133573542,0.03920782795125534,-0.09157699021561176,-1.6580908859117582,-0.6882861417901028,-0.7436923298486889,-0.7436923298486893,-0.5071883638622824
1.0068792131208157,0.0,-0.10948778194384406,0.05380609624740308,-0.2681967682093875,0.9709676763765106,1.0304043884517569,-0.8044141774110731,-1.2220900354278994,1.4037806301364542,1.253421837389618,1.253421837389618,1.0144441114496037,0.0,0.20028732040641928,0.22040224929131627,-0.21137572738105126,0.9638136541603353,1.0330432439749393,-0.8672746250021678,-1.0767564185999463,1.4037806301364542,1.527540356360353,1.527540356360353,1.0106616622852096,0.0,-0.10947629277979841,0.12643796886824846,-0.17226896779739945,0.9573782207876456,1.0353404829628852,-0.9256450406224699,-0.9314228017719934,1.4037806301364542,1.3813669340746964,1.3813669340746966,1.0182302010848006,0.0,0.2003637120417918,0.3033535184896634,-0.12509854760575562,0.9459836999817977,1.0414863362557971,-0.906086118637595,-0.7860891849440405,1.4037806301364542,1.5336541686182181,1.5336541686182183,0.9879815291820585,0.0,-0.8317607725933438,-0.40410853159614507,-0.14673647810127458,0.9377929551135473,1.044035335337323,-0.7847397570539735,-0.6407555681160876,1.4037806301364542,0.06716541466096305,0.06716541466096305,0.999317955262831,0.0,0.30342355223705836,-0.13048712293371534,-0.14001745718496872,0.9254684620783039,1.0507425916434605,-0.8195810371337784,-0.4954219512881346,1.4037806301364542,0.4519248995512301,0.4519248995512301,0.9804275522656799,0.0,-0.5220665164857617,-0.5184487462546734,-0.17077567078633954,0.9245208216158288,1.0501796445586327,-0.7929426777942749,-0.3500883344601816,1.4037806301364542,-0.5087136232628308,-0.5087136232628305,0.9917566974048463,0.0,0.30329350919066944,-0.24381263835959627,-0.17094258041623397,0.9252078007403431,1.0510043209865823,-0.797745149702116,-0.2047547176322287,1.4037806301364542,-0.19184119033554972,-0.19184119033554972,0.9917566974048463,0.0,-0.0062370756413969745,-0.24381263835959627,-0.1694849926339407,0.9258424070456378,1.051881731688924,-0.7875207482875731,-0.05942110080427573,1.4037806301364542,-0.3014574166745229,-0.3014574166745229,0.9766523840428921,0.0,-0.41877373639234383,-0.5662505986416781,-0.19656213512205106,0.9253614096054574,1.0538817145948576,-0.777998259248923,0.08591251602367722,1.4037806301364542,-1.0901754417219225,-1.0901754417219223,0.9728735753493013,0.0,-0.10949172526255237,-0.6438003240983163,-0.2233492060563248,0.9223500532432019,1.0599426273254595,-0.7840101996785896,0.23124613285163018,1.4037806301364542,-0.7244139834160946,-0.7244139834160945,1.166466531715172,0.0,5.284212742275945,1.9229509915285241,0.13968090524897236,0.9794838928924738,1.0229865217411724,-0.06292726793572934,0.37657974967958313,1.4037806301364542,1.401552999263659,1.4015529992636593,-0.2135957025140123
1.6936685920039438,0.0,2.100414164598182,0.08407110059157619,-0.0960267002452675,1.737066242713211,1.689259573211977,2.176643146893697,-1.3674236522558523,-0.6882861417901028,0.4292311806592828,0.4292311806592828,1.6857978941276976,0.0,-0.21685358085447617,0.029256245945314632,-0.08086187538403072,1.7217281156411655,1.6916191986551017,1.9640161054337357,-1.2220900354278994,-0.6882861417901028,-0.04149961892562964,-0.04149961892562964,1.7133635390485742,0.0,0.7315752698555249,0.2202102824062558,-0.014049922142596089,1.7056593662416977,1.6974819404331436,1.874248732963051,-1.0767564185999463,-0.6882861417901028,0.4193690297517564,0.4193690297517564,1.6936685920039438,0.0,-0.5329662186872886,0.06939768346842032,-0.000749142114168499,1.6871275685375755,1.7042454692454372,1.7756982398586807,-0.9314228017719934,-0.6882861417901028,0.471867446187377,0.4718674461873768,1.6386465162862829,0.0,-1.4786042633336705,-0.32528276995032196,-0.09920183138182324,1.6662045790026172,1.7082907673578824,1.8832283597980453,-0.7860891849440405,-0.6882861417901028,-0.6462978647441864,-0.6462978647441863,1.709420909168845,0.0,1.8906656894683207,0.18612732118022296,-0.035975011621489895,1.648054788054159,1.718239343849544,1.9826375257162652,-0.6407555681160876,-0.6882861417901028,0.7919879503822213,0.791987950382221,1.6818625451895746,0.0,-0.7433522004653543,-0.011752443911770678,-0.04074258698919709,1.6484600814659969,1.720593222559181,2.030283874848505,-0.4954219512881346,-0.6882861417901028,0.02742349816419392,0.02742349816419392,1.6661357113202948,0.0,-0.4272237679669089,-0.12428277168095526,-0.07539196741430938,1.6464178407224679,1.7265905815189648,1.9508077540217683,-0.3500883344601816,-0.6882861417901028,-0.25801601455673345,-0.25801601455673345,1.6739991282549347,0.0,0.20435182576883873,-0.06263450446563353,-0.08653010762647058,1.6369616575358363,1.7289920162340469,1.8001810595917496,-0.2047547176322287,-0.6882861417901028,-0.11529625819626978,-0.11529625819626978,1.6190389405409262,0.0,-1.4777829932908426,-0.4608846906858455,-0.20303047389777665,1.6349554377758964,1.721146914026646,1.8283397110123338,-0.05942110080427573,-0.6882861417901028,-1.112814851610122,-1.1128148516101222,1.572069586239665,0.0,-1.2658281440895023,-0.7618384417029809,-0.38499129568418705,1.644312018688044,1.7046477776189624,1.884749372760047,0.08591251602367722,-0.6882861417901028,-1.6813812884072472,-1.6813812884072472,1.587712689280474,0.0,0.4138389523355783,-0.6207983692516231,-0.4926719824988096,1.6487797061956584,1.6930646969740746,1.8298269759248258,0.23124613285163018,-0.6882861417901028,-1.3035478759086456,-1.3035478759086458,-3.3582897524868147
0.06194404959170835,0.0,0.29482155812740285,0.3322940067197756,0.10787788134768805,0.00852867803225672,0.0926809108071029,-1.0645833766932833,1.6845823011311598,-1.3856417324322885,-0.21493358849714994,-0.21493358849714994,0.06194404959170835,0.0,-0.0062370756413969745,0.3322940067197756,0.11145341649958045,0.003250769585119152,0.10658560192747274,-1.1113028829839044,-1.6580908859117582,-0.6882861417901028,-0.21493358849714994,-0.21493358849714994,0.06194404959170835,0.0,-0.0062370756413969745,0.33229400671977616,0.11262493114048926,-0.006136447121864204,0.12462796202507423,-1.1268229090285626,-1.5127572690838054,-0.6882861417901028,-0.21493358849714994,-0.21493358849714994,0.051226503547458405,0.0,-0.3071980504790604,0.009832592260687363,0.090760935472575,-0.01627680430003084,0.14056654830764254,-1.1272747734465685,-1.3674236522558523,-0.6882861417901028,-0.8435331849641456,-0.8435331849641458,0.03694129611619591,0.0,-0.40751223831406946,-0.37676250112619897,0.04406168871278078,-0.018334086331373702,0.143712554400228,-1.1138625825458393,-1.2220900354278994,-0.6882861417901028,-1.3092944898757854,-1.3092944898757852,0.040512597974011536,0.0,0.09412512236338519,-0.2661206084747621,0.013655955306762765,-0.01905720159047188,0.14121196681069673,-1.171050135909886,-1.0767564185999463,-0.6882861417901028,-1.0901441193466552,-1.0901441193466554,0.04765156121883971,0.0,0.1943633147105565,-0.04607590102046717,0.0033989480737928184,-0.018948816859177615,0.1407439278951752,-1.196276290374438,-0.9314228017719934,-0.6882861417901028,-0.6959189957397797,-0.6959189957397796,0.04765156121883971,0.0,-0.0062370756413969745,-0.04607590102046717,-0.005035609314085607,-0.01958293431611573,0.13958862194190244,-1.1918524050146044,-0.7860891849440405,-0.6882861417901028,-0.15748935246542986,-0.15748935246542986,0.04408389983182716,0.0,-0.10646445284891677,-0.1609048446301583,-0.0189828500181166,-0.021311179369819817,0.1384586418036318,-1.1598821388124116,-0.6407555681160876,-0.6882861417901028,-0.46214339106660934,-0.46214339106660934,0.06909757471974882,0.0,0.6965554873859338,0.5857029583299136,0.019281972693441524,-0.0204170439628059,0.1382765132517562,-1.1301102570206523,-0.4954219512881346,-0.6882861417901028,1.3940377765308303,1.3940377765308305,0.06551899192032705,0.0,-0.10670602865681926,0.4621238572553504,0.041623901196513505,-0.022272714316914993,0.13906754121726292,-1.060486766162764,-0.3500883344601816,-0.6882861417901028,0.18095110628338576,0.18095110628338576,0.02980597334217082,0.0,-1.0089910633212853,-0.5383740648972608,-0.012144083500699765,-0.0270121797509732,0.13809904533860293,-0.940324651568624,-0.2047547176322287,-0.6882861417901028,-1.3464387358328835,-1.3464387358328833,-1.90666999510196
-0.6583558630337161,0.0,-0.0062370756413969745,0.21281338839328737,0.07193305652121741,-0.6764375041007262,-0.632514407100406,0.6081279874238812,0.812580600163442,-0.6882861417901028,0.7919275697372505,0.7919275697372509,-0.6275465586273006,0.0,0.8782053370955535,0.6061538344180247,0.14371748926796765,-0.6808429814452615,-0.6308331845924317,0.613605052626018,0.9579142169913949,-0.6882861417901028,1.2584117770532652,1.2584117770532652,-0.6138329051121206,0.0,0.3870657197501218,0.7668645665623743,0.22500935857833773,-0.6808429814452615,-0.6308331845924317,0.5388244443464929,1.1032478338193479,-0.6882861417901028,1.4660504405247798,1.4660504405247798,-0.6172622286086165,0.0,-0.10454720131164681,0.7066012743932343,0.2790118549075498,-0.6793950037450079,-0.631258660821869,0.4026263815602262,1.2485814506473008,-0.6882861417901028,1.414126994549158,1.4141269945491581,-0.6103999411448219,0.0,0.19050838637482637,0.7935456930317548,0.3313169534363147,-0.6777904248086669,-0.6318414535983733,0.2627794047150057,1.3939150674752538,-0.6882861417901028,1.518029006931373,1.5180290069313733,-0.6103999411448219,0.0,-0.0062370756413969745,0.7935456930317548,0.368161333549782,-0.6757543147010541,-0.6325144690298824,0.11954415052932842,1.5392486843032067,-0.6882861417901028,1.518029006931373,1.5180290069313733,-0.5794996249683295,0.0,0.8795037330566118,1.1814376409004947,0.45341873241211156,-0.6696756696204933,-0.6355328306470037,0.10716332605126366,1.6845823011311598,-0.6882861417901028,1.5554174144476995,1.5554174144476993,-0.6001083301845316,0.0,-0.5964110097553074,0.7654241163998788,0.4740415505240012,-0.6647717015012069,-0.6366842204692392,0.05554900583885822,-1.6580908859117582,0.009069448852082836,1.1014070806684675,1.1014070806684673,-0.6035412941518304,0.0,-0.10460984738398114,0.6977999604545914,0.47766616048126526,-0.6599907247372282,-0.6370253894849875,-0.0192752815000497,-1.5127572690838054,0.009069448852082836,0.9084957935457136,0.9084957935457137,-0.6103999411448219,0.0,-0.20279482208882058,0.5586543266471752,0.46117516084960064,-0.6595298737315571,-0.6371447688426525,-0.10216072601215476,-1.3674236522558523,0.009069448852082836,0.6385621969178235,0.6385621969178235,-0.6309722416529933,0.0,-0.595930915173903,0.16087790231469082,0.40206398292721723,-0.6578046142188662,-0.6357892022626243,-0.12570159920265558,-1.2220900354278994,0.009069448852082836,0.1218304703176904,0.1218304703176904,-0.620687911634309,0.0,0.28874515591991257,0.3326305844920126,0.37109439223387114,-0.6556532018141598,-0.631085808887088,-0.21447611903741615,-1.0767564185999463,0.009069448852082836,0.380150613238479,0.380150613238479,-0.0062332911563055815
0.43792823366239103,0.0,0.19677264088147314,1.0441772930313185,0.27483212009284463,0.33837532311977575,0.49063542699022983,-1.2357350795349256,-1.0767564185999463,-0.6882861417901028,1.6738544652892102,1.6738544652892102,0.44158690681948043,0.0,0.0953466555222674,1.134691496442705,0.2931517311549785,0.3426335255633114,0.49038169291491307,-1.2692637958247568,-0.9314228017719934,-0.6882861417901028,1.463747173092504,1.4637471730925038,0.41965671070176247,0.0,-0.6150663318094326,0.28372493893196327,0.2605503858862945,0.34305165374284724,0.4917928547258112,-1.2576525774636937,-0.7860891849440405,-0.6882861417901028,0.2043577918059777,0.2043577918059777,0.4087061745261158,0.0,-0.31044706181243054,-0.0662409483010227,0.21008087591437796,0.34270585746379106,0.49324041608349084,-1.246984339886147,-0.6407555681160876,-0.6882861417901028,-0.723732125900548,-0.7237321259005478,0.38681966405803475,0.0,-0.6144519391574859,-0.6535653133858278,0.12461775960996911,0.3414011092048868,0.4952858699086393,-1.2229055158592264,-0.4954219512881346,-0.6882861417901028,-1.4842112558458813,-1.484211255845881,0.37953144151028056,0.0,-0.20890588998278295,-0.8233490310470492,0.041504757471613314,0.34383187048217795,0.49100871519821343,-1.1579861945603414,-0.3500883344601816,-0.6882861417901028,-1.0725002524351246,-1.0725002524351248,0.38681966405803475,0.0,0.19647601990475597,-0.5731886298199751,-0.010070093277919108,0.34491514578152144,0.4873544525954741,-1.1687799998173938,-0.2047547176322287,-0.6882861417901028,-0.7679075902621636,-0.7679075902621637,0.412353926270796,0.0,0.7038124067714964,0.174074818400226,-0.00036038537846345227,0.34504668535928934,0.4879548023839949,-1.1360435916347489,-0.05942110080427573,-0.6882861417901028,0.2992317366514967,0.2992317366514967,0.44158690681948043,0.0,0.8060436622292698,0.8138303153970613,0.06454877627492797,0.34776718958970276,0.49034802663653676,-0.9914268116483279,0.08591251602367722,-0.6882861417901028,1.135796074916633,1.1357960749166334,0.5002057676905785,0.0,1.6211481638701593,1.6555326236888541,0.2299246781820067,0.36779767634962923,0.47826601647642303,-0.7993843125768869,0.23124613285163018,-0.6882861417901028,1.5011496887112583,1.5011496887112583,0.4891969839820826,0.0,-0.3113293649889552,1.3671951116036243,0.3347996739012196,0.37969160348608577,0.4740046574380821,-0.7781080539187147,0.37657974967958313,-0.6882861417901028,1.242092523844331,1.2420925238443308,0.478199121685996,0.0,-0.31112695342822144,1.088262181212521,0.3911000588593117,0.38714841974243364,0.47274032117038844,-0.7727087445116304,0.5219133665075361,-0.6882861417901028,0.9832923601330253,0.9832923601330252,0.2993973197868517
-1.3577485518370864,0.0,-1.062856226482785,-1.0454079702069319,-0.4127881428046519,-1.3910166100665977,-1.275139798672348,-0.4655954005463799,-0.3500883344601816,0.7064250394942685,-0.9639889710903146,-0.9639889710903146,-1.465422756779607,0.0,-3.1656086129002374,-2.1358680990822054,-0.6574524365628783,-1.3679526461936227,-1.3111461397092221,-0.11303666424375693,-0.2047547176322287,0.7064250394942685,-1.6813812884072472,-1.6813812884072472,-1.4198331409127107,0.0,1.336022075993778,-1.2495191833346242,-0.7520900352982167,-1.3634360364860247,-1.322584042235007,-0.06627256211785991,-0.05942110080427573,0.7064250394942685,-0.8309427403565514,-0.8309427403565511,-1.4621718163524617,0.0,-1.250980542878616,-1.594747019659753,-0.9015315360167223,-1.3532275176989659,-1.343017648007817,-0.010124652135622648,0.08591251602367722,0.7064250394942685,-1.6207375430260071,-1.620737543026007,-1.468673697206752,0.0,-0.19764708576244103,-1.6435738716068642,-1.0215251090724853,-1.3450066279393242,-1.3617740920677839,0.029132380922820073,0.23124613285163018,0.7064250394942685,-1.5117163912941871,-1.5117163912941873,-1.5043976371973176,0.0,-1.0581374218191624,-1.89587090303342,-1.174715394895681,-1.3351014936911183,-1.3881143660825672,0.10327480860275089,0.37657974967958313,0.7064250394942685,-1.6324302561499837,-1.6324302561499837,-1.5917325317630635,0.0,-2.5807537972145593,-2.356601871944048,-1.4539632043894286,-1.3139250590522469,-1.4352299509669315,0.33529090098263653,0.5219133665075361,0.7064250394942685,-1.6813812884072472,-1.6813812884072472,-1.6303906912209065,0.0,-1.14899932729652,-2.5111086010492443,-1.7327845431627307,-1.2952327856049246,-1.4837253140320985,0.6356280257962803,0.667246983335489,0.7064250394942685,-1.0276861499811512,-1.0276861499811512,-1.6207361626511543,0.0,0.27950950178196876,-2.3485707164094,-1.912805150081413,-1.285938644389604,-1.5208012423124486,0.5887698362828263,0.812580600163442,0.7064250394942685,-0.9520491732313253,-0.9520491732313255,-1.6496851864771989,0.0,-0.8627820132895031,-2.4701849837910763,-2.089505673037597,-1.2794160845309905,-1.5589799714414854,0.5076117949109611,0.9579142169913949,0.7064250394942685,-1.1669966611482456,-1.1669966611482456,-1.6657469436603616,0.0,-0.48191217280530274,-2.5345213378114244,-2.2361732101743685,-1.273953935640504,-1.5954013011113037,0.4320661434236379,1.1032478338193479,0.7064250394942685,-1.295797170539092,-1.2957971705390923,-1.627172515030989,0.0,1.136745422058821,-1.8857314840952928,-2.2498779528240465,-1.2775039497708793,-1.6192041626582991,0.39963448032193216,1.2485814506473008,0.7064250394942685,-0.9864657567799331,-0.9864657567799331,-0.19684816995079846
-0.889281847485111,0.0,-0.10369671963403146,-0.10647959649237379,-0.5546219394615618,-0.9254198283951063,-0.8709443278288082,-0.043331507079087575,-1.6580908859117582,0.7064250394942685,-0.20940175461434984,-0.20940175461434984,-0.8859107715214645,0.0,0.09123280707801716,-0.06247099671832189,-0.4801001112487874,-0.9355632882412175,-0.8664971171407443,-0.15221901236359367,-1.5127572690838054,0.7064250394942685,-0.14235206951954824,-0.14235206951954824,-0.8926529234487576,0.0,-0.20115636362666597,-0.15138300511392155,-0.42990037378550533,-0.9490545708010685,-0.8596953919434511,-0.25334303970463645,-1.3674236522558523,0.7064250394942685,-0.2764514397091515,-0.2764514397091515,-0.8859107715214645,0.0,0.18872317155455165,-0.05293781477374053,-0.37273282128463936,-0.9475127352766307,-0.8565148392899966,-0.3077651271400409,-1.2220900354278994,0.7064250394942685,0.10952139974267876,0.10952139974267876,-0.8791649791233682,0.0,0.1887874603395119,0.04799991685106649,-0.3107504562639642,-0.9466636122753883,-0.8566925790866887,-0.3977503157004772,-1.0767564185999463,0.7064250394942685,1.313434571472151,1.313434571472151,-0.8825396955578179,0.0,-0.10378146345767257,-0.00566127756325382,-0.26566326017074654,-0.945103693917087,-0.8565710683216541,-0.4681578597640764,-0.9314228017719934,0.7064250394942685,1.1755481339435754,1.1755481339435754,-0.8622877564803171,0.0,0.5791960274451953,0.30978977936010516,-0.18772698534209808,-0.940313835700447,-0.8553024475244573,-0.49401489542556415,-0.7860891849440405,0.7064250394942685,1.6738544652892102,1.6738544652892102,-0.8521526857645589,0.0,0.2865578152689601,0.459870128111709,-0.10489634143740931,-0.9347590366519177,-0.8568295640992372,-0.42539184154809906,-0.6407555681160876,0.7064250394942685,0.7556920610514699,0.7556920610514701,-0.8757902626889186,0.0,-0.6888942074184529,0.045700293688647406,-0.08578623347540236,-0.9330322009780956,-0.8565369526683134,-0.3752039925510133,-0.4954219512881346,0.7064250394942685,0.2212086030350054,0.2212086030350054,-0.8757902626889186,0.0,-0.0062370756413969745,0.045700293688647406,-0.07019601193239478,-0.9427636960567436,-0.8514885019712121,-0.381315122067241,-0.3500883344601816,0.7064250394942685,-0.052329766817182835,-0.052329766817182835,-0.9128684578182276,0.0,-1.0778499656083314,-0.5380620030055451,-0.13067208978668657,-0.9429399710805493,-0.8523255964158291,-0.3082451672226325,-0.2047547176322287,0.7064250394942685,-1.3773764282536685,-1.3773764282536685,-0.8960239994124041,0.0,0.48115481924175724,-0.2390974338242572,-0.14370116240771838,-0.9436485142361553,-0.8475567428944033,-0.3062587580515386,-0.05942110080427573,0.7064250394942685,-0.8701169663241306,-0.8701169663241308,-0.6872394289049729
0.21276147402145926,0.0,0.5987374540102057,0.8315736159989808,0.20612898537903507,0.11294360962146843,0.2578926942823267,-0.9383687138273225,0.667246983335489,1.4037806301364542,1.3536774184030098,1.35367741840301,0.198341569170483,0.0,-0.40932453487052545,0.411454270906772,0.20248353790801324,0.11345302705404277,0.26135550565860416,-0.9515715419167712,0.812580600163442,1.4037806301364542,0.7138079518458764,0.7138079518458763,0.18753301135615622,0.0,-0.30850590672253814,0.12240554169378061,0.1756420330178216,0.1123155436586288,0.2653914594521795,-0.9638597128678337,0.9579142169913949,1.4037806301364542,0.2341885511369315,0.2341885511369315,0.19113343698039645,0.0,0.0944841436312021,0.2112340404360668,0.15935231041010214,0.11228718417746052,0.26758880197417606,-1.017447143449667,1.1032478338193479,1.4037806301364542,0.39395398976985385,0.39395398976985385,0.19113343698039645,0.0,-0.0062370756413969745,0.2112340404360668,0.14441402032294748,0.1125453306785203,0.26877509754982093,-1.0672211014239423,1.2485814506473008,1.4037806301364542,0.39395398976985385,0.39395398976985385,0.18032851963687271,0.0,-0.3084697644153522,-0.10015869415512314,0.10939378785476463,0.11242723688782796,0.26817071178410756,-1.1134397766857695,1.3939150674752538,1.4037806301364542,-0.08550386853400203,-0.08550386853400203,0.17313130885919537,0.0,-0.2076214195701316,-0.2964193252554712,0.06615456255669584,0.11267996275813279,0.2671936780858051,-1.1423265246354248,1.6845823011311598,2.7984918114208255,-1.2345438963521513,-1.2345438963521516,0.21276147402145926,0.0,1.1028908564338475,0.6887668155729184,0.1093283176913558,0.1158984579717491,0.266124315881612,-1.0426189750639927,-1.6580908859117582,-1.3856417324322885,1.1939470348333845,1.1939470348333843,0.21276147402145926,0.0,-0.0062370756413969745,0.6887668155729184,0.14154829640757502,0.11881494802777494,0.26535904314759584,-1.0483469539113903,-1.5127572690838054,-1.3856417324322885,1.1939470348333845,1.1939470348333843,0.20915740792641596,0.0,-0.10698349943261509,0.5778625217209291,0.15771062582923695,0.1208488248818285,0.26512064500317906,-1.0676963847774439,-1.3674236522558523,-1.3856417324322885,0.6242841900640871,0.6242841900640873,0.20194199479472325,0.0,-0.2079553554615327,0.35583512578190196,0.15398517780203436,0.12083507629429473,0.2687494994885869,-1.113824307206586,-1.2220900354278994,-1.3856417324322885,0.2044560799740382,0.2044560799740382,0.19473750307543972,0.0,-0.2076938304842355,0.14006875059822047,0.13474213376656458,0.11903711616923393,0.27381268386680657,-1.1426267846687488,-1.0767564185999463,-1.3856417324322885,-0.21473656879902311,-0.21473656879902311,-0.10703421923693107
-0.9364186634433135,0.0,1.8432398123703364,1.4401580781656105,1.3415992125918708,-0.9734412857747813,-1.1298907735053914,0.26451109308041004,0.37657974967958313,1.4037806301364542,0.8379606139189798,0.8379606139189796,-0.8453923314832504,0.0,2.6295321410496943,1.9919019885751859,1.5376869157040949,-0.9421264595766851,-1.13182621730697,0.43610204529648244,0.5219133665075361,1.4037806301364542,1.6738544652892102,1.6738544652892102,-0.8656624729147667,0.0,-0.5915189490168333,1.6950247905514986,1.6334540243226585,-0.921872829664194,-1.1229939958030735,0.398454354605343,0.667246983335489,1.4037806301364542,1.3542543261280406,1.3542543261280406,-0.8656624729147667,0.0,-0.0062370756413969745,1.6950247905514986,1.6895106679437162,-0.906595410798628,-1.1084853060734576,0.32400278857686216,0.812580600163442,1.4037806301364542,1.3361320817273732,1.3361320817273732,-0.9195996883331115,0.0,-1.5646081240220435,0.9404118485669352,1.607433658045436,-0.9045627615600796,-1.0857232352015733,0.3466644906503176,0.9579142169913949,1.4037806301364542,0.5500466387470209,0.5500466387470209,-0.9195996883331115,0.0,-0.0062370756413969745,0.9404118485669352,1.5244502699657034,-0.9060365197647191,-1.05976278289867,0.22294245036450397,1.1032478338193479,1.4037806301364542,0.4993235603136405,0.4993235603136403,-0.9195996883331115,0.0,-0.0062370756413969745,0.9404118485669352,1.441702436166082,-0.9105385024971322,-1.0317520767302528,0.13427275469442315,1.2485814506473008,1.4037806301364542,0.4993235603136405,0.4993235603136403,-0.916232252840268,0.0,0.09121962744737151,0.9715045179058048,1.3667238836746858,-0.9219382747297198,-0.9957919884366463,0.012585622668368832,1.3939150674752538,1.4037806301364542,0.32713635235755595,0.32713635235755595,-0.9330548684212732,0.0,-0.49304802116541313,0.7125208048884296,1.2588651425370272,-0.9231847409439123,-0.9817599334949114,-0.08728784233845012,1.5392486843032067,1.4037806301364542,-0.1069033913818006,-0.1069033913818006,-0.9834135010401962,0.0,-1.4642745184376973,0.03569939154004814,1.060330229166932,-0.9284139818454828,-0.9684385847068968,0.05531157357072862,-1.6580908859117582,-1.3856417324322885,-1.0918777378702686,-1.0918777378702686,-1.0168985514868711,0.0,-0.9772583468695356,-0.3400352748637752,0.8262957142740027,-0.9334456358678662,-0.9586779164442597,0.08275148477596908,-1.5127572690838054,-1.3856417324322885,-1.6184008015172568,-1.6184008015172566,-1.006861773482796,0.0,0.28512087507516354,-0.21353143720270404,0.652955118180503,-0.9388501735824887,-0.9482037174830984,-0.009480731686067046,-1.3674236522558523,-1.3856417324322885,-1.3172891637025546,-1.3172891637025546,-0.3947175914233186
0.7702740942166254,0.0,0.19877805864427842,-0.6815930931267278,-0.8262882834805606,0.7674849993770042,0.8350014052328677,-0.3446806158472256,1.3939150674752538,0.009069448852082836,-0.6779982406026744,-0.6779982406026743,0.7665462521142775,0.0,-0.10872199651914216,-0.7298979700992373,-0.7907751639005322,0.7646616510722185,0.8318440737210415,-0.42646218965713745,1.5392486843032067,0.009069448852082836,-0.629733256412135,-0.6297332564121351,0.7628184100119297,0.0,-0.10873331840074066,-0.7803566289218419,-0.7616520982192416,0.7589663771486481,0.829700992789621,-0.5169724540518675,1.6845823011311598,0.009069448852082836,-0.7254395828219283,-0.7254395828219283,0.7441901209126,0.0,-0.518474596217496,-1.027004943183356,-0.7672561515516857,0.7575169302718261,0.8240426249775183,-0.5429071853414579,-1.6580908859117582,0.7064250394942685,-1.2036908252427416,-1.2036908252427414,0.7441901209126,0.0,-0.0062370756413969745,-1.027004943183356,-0.7632628379391997,0.7553340130023933,0.8191227896622082,-0.6106291255112203,-1.5127572690838054,0.7064250394942685,-1.2036908252427416,-1.2036908252427414,0.7330211564887689,0.0,-0.3135290144585673,-1.177182248458737,-0.7738247469486776,0.750732862064773,0.8140140616477282,-0.6880414127952358,-1.3674236522558523,0.7064250394942685,-1.4336402553087666,-1.4336402553087666,0.7330211564887689,0.0,-0.0062370756413969745,-1.177182248458737,-0.7736409374091605,0.7455827723934684,0.809833779374396,-0.759952652998396,-1.2220900354278994,0.7064250394942685,-1.3290065058646132,-1.329006505864613,0.7255836746380886,0.0,-0.21093245762531154,-1.2830746181912032,-0.7797094712873166,0.735315141330568,0.8081803487026652,-0.8267415770496178,-1.0767564185999463,0.7064250394942685,-1.4952625877842676,-1.4952625877842673,0.710708710936728,0.0,-0.41571818221409335,-1.485943133426752,-0.8052766667233328,0.7270384048323025,0.8041567982629672,-0.8162921329590179,-0.9314228017719934,0.7064250394942685,-1.263018966436297,-1.2630189664362972,0.7404659192810552,0.0,0.8132872670464311,-0.7234909048126783,-0.7577993128538613,0.7157703775950072,0.8065083751171502,-0.73390833194099,-0.7860891849440405,0.7064250394942685,-0.0788614698135433,-0.0788614698135433,0.7218631134773469,0.0,-0.5181129702059504,-1.00295656824412,-0.7490168704756287,0.691563168045786,0.8173885851571364,-0.7154769993420472,-0.6407555681160876,0.7064250394942685,-0.807733412226879,-0.8077334122268789,0.7404659192810552,0.0,0.505921384806553,-0.5815486886620923,-0.6972688428317342,0.6858853167796436,0.8182395567879539,-0.6401948722586496,-0.4954219512881346,0.7064250394942685,-0.0788614698135433,-0.0788614698135433,0.6086529661089298
0.9804275522656799,0.0,0.303297279822964,-0.3873194271421939,-0.6711153774651265,0.9254377919177,1.0386496088265755,-0.7701371748663264,-1.0767564185999463,-0.6882861417901028,-0.3168237548029922,-0.3168237548029922,0.9804275522656799,0.0,-0.0062370756413969745,-0.3873194271421939,-0.6071478257147855,0.9251082783821254,1.0420116317187358,-0.8207905421782249,-0.9314228017719934,-0.6882861417901028,0.07418650999150528,0.07418650999150528,0.9766523840428921,0.0,-0.1093807827336156,-0.4596612126400617,-0.5579173640363997,0.9251970821530705,1.0423015883735325,-0.7795949650880307,-0.7860891849440405,-0.6882861417901028,-0.005542948361846871,-0.005542948361846871,1.0182302010848006,0.0,1.1298624940335915,0.39517565313301367,-0.43134248175721307,0.9292962015067158,1.0412109925427335,-0.6820527315480682,-0.6407555681160876,-0.6882861417901028,1.381489524095743,1.381489524095743,1.0523232101555888,0.0,0.9242033410098127,0.9154626014456969,-0.26037517003490895,0.9400285629550091,1.0357260207945973,-0.5909807652137653,-0.4954219512881346,-0.6882861417901028,1.2778353612366844,1.2778353612366846,1.0371606492607854,0.0,-0.4196275583571682,0.5966617213549785,-0.1537246473194026,0.9436072584910361,1.0340231480160624,-0.5358952266047151,-0.3500883344601816,-0.6882861417901028,0.8085587664593613,0.8085587664593614,1.0144441114496037,0.0,-0.6258544789779508,0.16164602470736056,-0.11357918894405364,0.941048300393509,1.035079715323841,-0.4996554250264448,-0.2047547176322287,-0.6882861417901028,0.23267937645314785,0.23267937645314785,1.0182302010848006,0.0,0.09710150551737201,0.22557670114201883,-0.07372408672776982,0.9404178996345164,1.0353343625619456,-0.5400198210052328,-0.05942110080427573,-0.6882861417901028,0.3286592747875167,0.3286592747875167,1.0523232101555888,0.0,0.9242033410098127,0.7496978520690182,0.02522495406164674,0.9485301554983451,1.0313487283592448,-0.4590504595505565,0.08591251602367722,-0.6882861417901028,1.1929398016157522,1.1929398016157522,1.048533480049589,0.0,-0.10955988296601403,0.6718089655256124,0.09462731685115115,0.9563650642695541,1.0287801098333562,-0.45776665617209855,0.23124613285163018,-0.6882861417901028,1.0968676149176,1.0968676149176004,1.0864853881716356,0.0,1.0285950424569623,1.1693581689181967,0.22241845552469602,0.9729836562636605,1.0226944945004905,-0.3080888402582616,0.37657974967958313,-0.6882861417901028,1.0420095203239015,1.0420095203239017,1.0826847366532262,0.0,-0.10975372435960877,1.0869560729068977,0.3121491433992439,0.9860507028891724,1.0205617507265359,-0.34694148791032814,0.5219133665075361,-0.6882861417901028,0.971856790073579,0.9718567900735792,0.30450442374402903
1.0144441114496037,0.0,-0.6258544789779508,-0.3878003093649975,-0.31687658975340033,0.9515436396516054,1.0559907894246525,-0.8958259452308684,-0.7860891849440405,0.7064250394942685,0.47312435291735655,0.47312435291735677,1.0220162907199977,0.0,0.200440086676141,-0.22541717554313456,-0.29296295550777485,0.9536038258531759,1.057333302886842,-0.8194485850909329,-0.6407555681160876,0.7064250394942685,0.7131549760536813,0.7131549760536812,0.8862886177689885,0.0,-3.7100007844067946,-1.7933399998964006,-0.5389497101239176,0.9681758591127457,1.0347252917296723,-0.23511780136235275,-0.4954219512881346,0.7064250394942685,-1.0135867853840839,-1.0135867853840839,0.9163552661315769,0.0,0.8175160476357026,-1.2704493073816103,-0.6665904865166388,0.972840430831254,1.0254906667499526,-0.22162599107038347,-0.3500883344601816,0.7064250394942685,-0.5269270482916716,-0.5269270482916716,0.9238801192815309,0.0,0.19974273768618894,-1.14537507670884,-0.7445155921047968,0.9729904483935736,1.015487237748143,-0.2383661537049066,-0.2047547176322287,0.7064250394942685,-0.4051295332692699,-0.4051295332692699,0.9163552661315769,0.0,-0.21217116924423224,-1.2162390861597328,-0.8122848083225873,0.9738311982609036,1.005172799397887,-0.3125607428631076,-0.05942110080427573,0.7064250394942685,-0.5269270482916716,-0.5269270482916716,0.8825316519002161,0.0,-0.9320998940388324,-1.5144600526560168,-0.9231949875043802,0.9798977137368572,0.989615169131733,-0.19121904976893722,0.08591251602367722,0.7064250394942685,-1.0743971557290855,-1.0743971557290857,0.8750250011042775,0.0,-0.21192389082370988,-1.5764171948364376,-1.0147350764028549,0.9857159135632553,0.9762051658152489,-0.16653405011185374,0.23124613285163018,0.7064250394942685,-1.195900046864157,-1.1959000468641567,0.8375390732450242,0.0,-1.033602149312779,-1.8624139743614612,-1.1491853686728237,0.9943962368685246,0.9531196527798379,-0.012536984596545276,0.37657974967958313,0.7064250394942685,-1.1420540715653296,-1.1420540715653296,0.8825316519002161,0.0,1.2282273777640504,-1.0829979170265662,-1.1530467338049246,0.9958595795788926,0.9429549800960749,0.028468669526128268,0.5219133665075361,0.7064250394942685,-0.5521828261715896,-0.5521828261715896,0.8712716757063081,0.0,-0.31476729841486634,-1.1834690477868473,-1.1655001180292563,0.9956283037166532,0.9310917643283659,-0.021018051127419307,0.667246983335489,0.7064250394942685,-0.6998057537549571,-0.6998057537549571,0.8825316519002161,0.0,0.3023957809692999,-0.9975223848664359,-1.1401261708114019,0.9934832159184855,0.9222860135751816,-0.11090791682060167,0.812580600163442,0.7064250394942685,-0.5521828261715896,-0.5521828261715896,-0.31460023431696194
-1.2097342899257024,0.0,1.2483417971263615,0.9149268654044935,0.37975719657151796,-1.227743533436517,-1.303362241666105,1.1151188076472616,0.5219133665075361,-0.6882861417901028,1.184088860760346,1.1840888607603457,-1.140183095232973,0.0,2.0250224320925474,1.3585538896476004,0.6362254798210543,-1.2234191868238995,-1.3057183272267172,1.155060646858847,0.667246983335489,-0.6882861417901028,1.6738544652892102,1.6738544652892102,-1.140183095232973,0.0,-0.0062370756413969745,1.3585538896476004,0.8295520299991305,-1.2198577779888136,-1.307639166265576,0.9856952806131201,0.812580600163442,-0.6882861417901028,1.4202637586957991,1.420263758695799,-1.1202551580569458,0.0,0.5744917409710261,1.4787241161531217,1.0105101203749125,-1.2105315802512202,-1.3126980026246986,0.9061921462628059,0.9579142169913949,-0.6882861417901028,1.512749873900612,1.512749873900612,-1.153452611310178,0.0,-0.9730535624562744,1.0624652013260591,1.0749341745113676,-1.211860720043607,-1.3120256031313768,0.8452055161320015,1.1032478338193479,-0.6882861417901028,1.1105837723751188,1.1105837723751188,-1.1501361424085774,0.0,0.09044990716100473,1.0861265230322206,1.1193404039592254,-1.1980406520107751,-1.309046878074914,0.6849361362391122,1.2485814506473008,-0.6882861417901028,1.1507606907312677,1.150760690731268,-1.1169314082137394,0.0,0.961699342390298,1.3187270358246044,1.2065069842071072,-1.1793560595103172,-1.3096110324295231,0.6009421589839347,1.3939150674752538,-0.6882861417901028,1.5530149962487616,1.5530149962487616,-1.126899017272556,0.0,-0.2964955894521334,1.1841011093961162,1.241031279928025,-1.1653505864251958,-1.3114208122171,0.5360126765283525,1.5392486843032067,-0.6882861417901028,1.3953010001998158,1.3953010001998156,-1.1898900835781459,0.0,-1.8411219530744758,0.42302505315420186,1.1293377813352012,-1.1612520322744584,-1.3099100484929316,0.7077938449861942,1.6845823011311598,-0.6882861417901028,0.6290773947348036,0.6290773947348037,-1.133542876488166,0.0,1.638369448502722,0.8641109844250905,1.139734949491611,-1.1502804496562744,-1.3103250315312918,0.7124429657679677,-1.6580908859117582,0.009069448852082836,1.3027865883578411,1.302786588357841,-1.1799625196981631,0.0,-1.3586903192951645,0.38312821501428107,1.0429773212033169,-1.145395274425449,-1.3056334971004473,0.7038654935634067,-1.5127572690838054,0.009069448852082836,0.7269698062290971,0.7269698062290975,-1.1700276748765739,0.0,0.2836408131738934,0.463424071337383,0.9745194882207644,-1.1408584171211371,-1.2966228059032456,0.6052556802848186,-1.3674236522558523,0.009069448852082836,0.7739905575212238,0.7739905575212237,0.3804369805396627
0.7740055767897762,0.0,1.1217416861674692,-0.928447428431891,-0.8913662116960437,0.7729801642538181,0.8707213251313612,-0.04507952862252071,0.5219133665075361,0.009069448852082836,-0.5942195159366849,-0.5942195159366849,0.7665462521142775,0.0,-0.2112843283954898,-1.005764711750858,-0.9001133500389704,0.7739944414900896,0.8633241639377729,-0.09003705782809766,0.667246983335489,0.009069448852082836,-0.7616952299275265,-0.7616952299275265,0.7702740942166254,0.0,0.09625916711804972,-0.9386896873571171,-0.8897159451441172,0.7729305590291309,0.8576423246229292,-0.1900216582162342,0.812580600163442,0.009069448852082836,-0.6779982406026744,-0.6779982406026743,0.7404659192810552,0.0,-0.8257161109409388,-1.2543207430814227,-0.9305822432962342,0.7747986650247132,0.8463913897140333,-0.22476818821941807,0.9579142169913949,0.009069448852082836,-1.34724721383694,-1.3472472138369398,0.7702740942166254,0.0,0.8139664125570941,-0.7281643501212217,-0.8935628585788108,0.7737338666415171,0.8422133464954239,-0.24251939567285385,1.1032478338193479,0.009069448852082836,-0.6779982406026744,-0.6779982406026743,0.7628184100119297,0.0,-0.21120691739688735,-0.813882853591829,-0.8694408810245903,0.7726278218310502,0.8373283213223299,-0.28794430880321903,1.2485814506473008,0.009069448852082836,-0.8453922192523784,-0.8453922192523786,0.7702740942166254,0.0,0.19877805864427842,-0.6815930931267278,-0.8262882834805606,0.7674849993770042,0.8350014052328677,-0.3446806158472256,1.3939150674752538,0.009069448852082836,-0.6779982406026744,-0.6779982406026743,0.7665462521142775,0.0,-0.10872199651914216,-0.7298979700992373,-0.7907751639005322,0.7646616510722185,0.8318440737210415,-0.42646218965713745,1.5392486843032067,0.009069448852082836,-0.629733256412135,-0.6297332564121351,0.7628184100119297,0.0,-0.10873331840074066,-0.7803566289218419,-0.7616520982192416,0.7589663771486481,0.829700992789621,-0.5169724540518675,1.6845823011311598,0.009069448852082836,-0.7254395828219283,-0.7254395828219283,0.7441901209126,0.0,-0.518474596217496,-1.027004943183356,-0.7672561515516857,0.7575169302718261,0.8240426249775183,-0.5429071853414579,-1.6580908859117582,0.7064250394942685,-1.2036908252427416,-1.2036908252427414,0.7441901209126,0.0,-0.0062370756413969745,-1.027004943183356,-0.7632628379391997,0.7553340130023933,0.8191227896622082,-0.6106291255112203,-1.5127572690838054,0.7064250394942685,-1.2036908252427416,-1.2036908252427414,0.7330211564887689,0.0,-0.3135290144585673,-1.177182248458737,-0.7738247469486776,0.750732862064773,0.8140140616477282,-0.6880414127952358,-1.3674236522558523,0.7064250394942685,-1.4336402553087666,-1.4336402553087666,-0.21092819478882058
0.05837274773389273,0.0,-0.0062370756413969745,0.01671067245013821,-0.07620648330114017,0.05063232420321939,0.1034322057865878,0.090178887895307,1.2485814506473008,-1.3856417324322885,-0.07077700333534814,-0.07077700333534814,0.07267251704836751,0.0,0.39536024303103745,0.26853019510952475,-0.039994842190255106,0.046775941743704884,0.10336029142078673,-0.011118661624433104,1.3939150674752538,-1.3856417324322885,0.7120734399859426,0.7120734399859426,0.06909757471974882,0.0,-0.10659296585460565,0.19697016726975197,-0.018578832238052595,0.037396039872391304,0.1059696310854691,-0.13307144655739914,1.5392486843032067,-1.3856417324322885,0.8108237998296225,0.8108237998296224,0.06551899192032705,0.0,-0.10670602865681926,0.12248460780514075,-0.0090060783477142,0.03160877045472059,0.10676374943281995,-0.2323821319539796,1.6845823011311598,-1.3856417324322885,0.7881810437963767,0.7881810437963767,0.09056543104547637,0.0,0.6970195436488689,0.5786898025162355,0.04763701743876426,0.02751412975563263,0.10836809326813379,-0.26870403959237793,-1.6580908859117582,-0.6882861417901028,1.4079362451664634,1.4079362451664637,0.07625109984778929,0.0,-0.40785199014492396,0.2689114864958707,0.06288017429384868,0.02071345046664681,0.11090006244744219,-0.30243152525660466,-1.5127572690838054,-0.6882861417901028,1.2063145983663441,1.2063145983663444,0.0869868482460546,0.0,0.2951045529000082,0.46160523636589096,0.09492109834321458,0.011375421444035527,0.11598396920203663,-0.36164067946659395,-1.3674236522558523,-0.6882861417901028,1.4008130536807322,1.4008130536807317,0.09772987758592606,0.0,0.2952110126441267,0.6479680762584197,0.13977188797813114,0.009053218378544167,0.11724292226707654,-0.430580196713618,-1.2220900354278994,-0.6882861417901028,1.6738544652892102,1.6738544652892102,0.09056543104547637,0.0,-0.20720527200903224,0.4780218061671811,0.1588281074106662,0.009053218378544167,0.11724292226707654,-0.5085124480501697,-1.0767564185999463,-0.6882861417901028,1.2890277111581445,1.2890277111581447,0.03694129611619591,0.0,-1.510760903372116,-0.539616223585989,0.0658233389322014,0.008673820606151553,0.11475588212547796,-0.42760665839891127,-0.9314228017719934,-0.6882861417901028,-0.15077368288569434,-0.15077368288569434,0.040512597974011536,0.0,0.09412512236338519,-0.4669013402283809,-0.0011096453955536521,0.008018837182346413,0.11290487028506004,-0.45035318314670997,-0.7860891849440405,-0.6882861417901028,-0.6510436517722044,-0.6510436517722046,0.019106629651936245,0.0,-0.6077313618575855,-0.7975255516859461,-0.09611697205007887,0.007208667405836748,0.1079836152515905,-0.4575437697999209,-0.6407555681160876,-0.6882861417901028,-1.4239940604751964,-1.4239940604751966,0.19462368959269047
-0.8993950753760507,0.0,-0.39607565161183195,-1.082360592416531,-0.6842622028063676,-0.8647588727309009,-0.8123883101085739,-0.3721134902004035,-0.3500883344601816,0.009069448852082836,-0.8092369867914726,-0.8092369867914727,-0.9229634833551519,0.0,-0.687899020426241,-1.3097560320911434,-0.7751961231801924,-0.8608946401914503,-0.8250855702925026,-0.3394920119898805,-0.2047547176322287,0.009069448852082836,-1.2548871819601781,-1.2548871819601783,-0.8926529234487576,0.0,0.8710706651678124,-0.791135226200988,-0.7781834149492358,-0.8608946401914503,-0.8250855702925026,-0.3090870313223828,-0.05942110080427573,0.009069448852082836,-0.6141455850135348,-0.6141455850135348,-0.8960239994124041,0.0,-0.1037171992393713,-0.8281417322272584,-0.7786643200335064,-0.8598300466110392,-0.8292056552022493,-0.2409916127461023,0.08591251602367722,0.009069448852082836,-0.6854075017529765,-0.6854075017529765,-0.8284750636613655,0.0,1.947255098000186,0.13407558443045575,-0.6372975227072921,-0.8582125979161008,-0.8264228642695874,0.007278948114113852,0.23124613285163018,0.009069448852082836,0.7425243180098109,0.742524318009811,-0.9027625108688941,0.0,-2.150090743413847,-0.6543760448904696,-0.6661573804579668,-0.8588096947190347,-0.8336192666059372,0.21097599722150295,0.37657974967958313,0.009069448852082836,-0.8278543785183184,-0.8278543785183183,-0.9364186634433135,0.0,-0.9797660070822766,-0.9385447748703125,-0.747917997678027,-0.8573780883128306,-0.8465771821264065,0.34630144652701206,0.5219133665075361,0.009069448852082836,-1.17735159210665,-1.17735159210665,-0.8825396955578179,0.0,1.553888680518657,-0.3073715354119445,-0.6975441258171926,-0.8607738510332119,-0.8492652357307788,0.44595875136826063,0.667246983335489,0.009069448852082836,-0.1373783786597083,-0.1373783786597083,-0.9431389725457882,0.0,-1.7580111964358276,-0.8014668930351394,-0.7700104110129091,-0.8611224521320698,-0.8611053426028797,0.5516620093259416,0.812580600163442,0.009069448852082836,-1.2806037430511703,-1.2806037430511705,-0.9532157957286971,0.0,-0.2980839694335964,-0.8762094845364045,-0.8382455924746349,-0.8626490761853101,-0.8731108594113121,0.544471976292182,0.9579142169913949,0.009069448852082836,-1.481028719662845,-1.4810287196628455,-0.9296910733992327,0.0,0.6753048502131374,-0.605219158090619,-0.8361144530300605,-0.869494401213705,-0.8784196382743823,0.4851949929336091,1.1032478338193479,0.009069448852082836,-1.0131290813446938,-1.0131290813446936,-0.9263272783771923,0.0,0.09114492323314455,-0.5661619127364566,-0.8186415384851788,-0.8766581780106429,-0.882389526655365,0.3515495147595571,1.2485814506473008,0.009069448852082836,-0.9462242119844381,-0.9462242119844381,-0.0062332911563055815
0.4635425862328199,0.0,-0.5142963305104037,-1.2982310463539923,-0.5230352173387856,0.4761061880453663,0.5737305960817679,-0.7624831543575903,0.37657974967958313,0.009069448852082836,-1.104499279031276,-1.1044992790312758,0.4708708539594079,0.0,0.1970777728110895,-1.096115975578814,-0.5491253249280609,0.47626455605989504,0.5665684446553175,-0.7725429246892315,0.5219133665075361,0.009069448852082836,-0.8734480484555038,-0.873448048455504,0.4452455799765698,0.0,-0.7170267774704107,-1.459285568949343,-0.6142099682211286,0.47642281192591207,0.5553557371559477,-0.7677257375834152,0.667246983335489,0.009069448852082836,-1.569861893875219,-1.5698618938752191,0.43792823366239103,0.0,-0.2093600580568633,-1.5532088676958002,-0.6729946830772305,0.4747205286918021,0.5449119140885554,-0.8204258831322894,0.812580600163442,0.009069448852082836,-1.478755321687774,-1.478755321687774,0.4306181682898184,0.0,-0.20920238128964108,-1.646715530646804,-0.7261592847769335,0.4709542922058836,0.535442889938411,-0.8551039231187505,0.9579142169913949,0.009069448852082836,-1.6813812884072472,-1.6813812884072472,0.43792823366239103,0.0,0.19677264088147314,-1.4223069894072293,-0.7454788993309915,0.46704412291344366,0.5283310719755592,-0.901562769700815,1.1032478338193479,0.009069448852082836,-1.4584169506694677,-1.458416950669468,0.43792823366239103,0.0,-0.0062370756413969745,-1.4223069894072293,-0.7524795696070495,0.4607090362044083,0.5232914019693965,-0.9589751376985126,1.2485814506473008,0.009069448852082836,-1.4424355729361704,-1.4424355729361702,0.4452455799765698,0.0,0.19693038668572577,-1.183299244658824,-0.7353165550467101,0.4537367410183228,0.5203669732469733,-0.9980146118105941,1.3939150674752538,0.009069448852082836,-1.2032518637245844,-1.2032518637245844,0.44158690681948043,0.0,-0.10779856684918164,-1.2483321973510897,-0.7210659343842643,0.44714549737590925,0.517430195767917,-1.0485233615093061,1.5392486843032067,0.009069448852082836,-1.3228437183303774,-1.3228437183303772,0.4452455799765698,0.0,0.09533553432690801,-1.1205508572669063,-0.6948271934502511,0.4413614807165854,0.5151553516810345,-1.095424343372396,1.6845823011311598,0.009069448852082836,-1.2032518637245844,-1.2032518637245844,0.4452455799765698,0.0,-0.0062370756413969745,-1.1205508572669063,-0.6667112228837166,0.4373223049700859,0.5125990870093678,-1.138975255102408,-1.6580908859117582,0.7064250394942685,-1.1457061082764266,-1.1457061082764264,0.4489006126628562,0.0,0.09522335935624464,-0.9801183893868533,-0.6302359232359502,0.42575402664519313,0.5150388130144878,-1.1508429644978544,-1.5127572690838054,0.7064250394942685,-0.7508022882932798,-0.7508022882932797,0.0953168574721695
-1.2163417444332818,0.0,-0.10278642687811328,-0.1814313268591176,-0.0471366868142564,-1.2725040427329222,-1.1363524366767992,-1.068965636936562,-0.9314228017719934,0.7064250394942685,-0.8929878094946341,-0.8929878094946341,-1.2163417444332818,0.0,-0.0062370756413969745,-0.1814313268591176,-0.05864624939636633,-1.272484165000799,-1.1367043118734794,-1.118538948849281,-0.7860891849440405,0.7064250394942685,-0.8929878094946341,-0.8929878094946341,-1.21964365145167,0.0,-0.1026901322736913,-0.26502906031273726,-0.0738675761949081,-1.273612813807784,-1.1342422599242863,-1.1001981522966333,-0.6407555681160876,0.7064250394942685,-0.7996425237135859,-0.7996425237135859,-1.2229455584700581,0.0,-0.1027001605856911,-0.35102813498212904,-0.09182351795698411,-1.273884182744858,-1.1336375233210176,-1.1217941474103643,-0.4954219512881346,0.7064250394942685,-0.9760291711721547,-0.9760291711721549,-1.2130361969440906,0.0,0.2832886354505222,-0.04987344240688411,-0.0856601963322335,-1.2820976797871793,-1.130018135355196,-1.1032208366747822,-0.3500883344601816,0.7064250394942685,-0.4466747561972658,-0.4466747561972658,-1.203119554476517,0.0,0.2834109780685459,0.23092713226107586,-0.060655892703954786,-1.2818544673138186,-1.1299308006170747,-1.1245583227452123,-0.2047547176322287,0.7064250394942685,0.08306860397598799,0.08306860397598799,-1.2064287424365112,0.0,-0.1028625930811525,0.12791746159898193,-0.04726094815529278,-1.2841093837359152,-1.1293207195488562,-1.1830268394483752,-0.05942110080427573,0.7064250394942685,-0.09370698868094592,-0.09370698868094592,-1.2130361969440906,0.0,-0.199189309623949,-0.0773331452525147,-0.04961961439850957,-1.2843579993775212,-1.129733743135377,-1.1729316749099958,0.08591251602367722,0.7064250394942685,0.274940853223647,0.274940853223647,-1.1998176474581288,0.0,0.37985399742058173,0.31634836781746817,-0.025190310369985952,-1.2834792350243422,-1.129291496728202,-1.163472387520349,0.23124613285163018,0.7064250394942685,1.1568330548620056,1.1568330548620058,-1.1998176474581288,0.0,-0.0062370756413969745,0.31634836781746817,-0.00612317935132429,-1.287001636362665,-1.1274059140656887,-1.1418368536014734,0.37657974967958313,0.7064250394942685,1.1568330548620056,1.1568330548620058,-1.1766533317381687,0.0,0.6700712666108992,0.9192263410542932,0.05421348611128847,-1.2831478651875978,-1.1299573793018867,-1.031257908362181,0.5219133665075361,0.7064250394942685,1.0626820615732961,1.0626820615732964,-1.140183095232973,0.0,1.0577770329191345,1.5858103056733266,0.17244006355481598,-1.2670751072599489,-1.1414825942837719,-0.9541108669746557,0.667246983335489,0.7064250394942685,1.6738544652892102,1.6738544652892102,0.8642792650345582
0.3977556383504691,0.0,-0.10772957533776689,0.6092771355751531,0.08941767789377772,0.30100382570737116,0.46016002755325297,-1.1535094030620319,-0.05942110080427573,-1.3856417324322885,0.9537810386968198,0.9537810386968197,0.37953144151028056,0.0,-0.5128442923865928,-0.030902827434015668,0.06872735530123714,0.2998358249794906,0.4602385382172279,-1.1077195503821455,0.08591251602367722,-1.3856417324322885,-0.244585840798362,-0.244585840798362,0.3977556383504691,0.0,0.5006469185162662,0.4919398347779048,0.08731841638331121,0.3024659402948055,0.4601515890356793,-1.0366705815561195,0.23124613285163018,-1.3856417324322885,0.48816965007316904,0.4881696500731688,0.412353926270796,0.0,0.39957493777218367,0.8442063434374392,0.12932209335927314,0.3079406808749487,0.45793427583385565,-0.9281077237900623,0.37657974967958313,-1.3856417324322885,1.278494801172957,1.278494801172957,0.4050547823106326,0.0,-0.20905437071365177,0.5948765654517045,0.14600108555023578,0.3111432758923493,0.4576378427619707,-0.8981765739658628,0.5219133665075361,-1.3856417324322885,0.2993691930540784,0.2993691930540784,0.39046377533191184,0.0,-0.4117580022717698,0.13696498677142116,0.12826667768260974,0.31193731865414304,0.4583017213359223,-0.9132419978027387,0.667246983335489,-1.3856417324322885,-0.3107013463831762,-0.3107013463831762,0.41965671070176247,0.0,0.8054630916326395,0.8172664984166544,0.1701292209628418,0.31738092748362084,0.4583115879402149,-0.8845146956033628,0.812580600163442,-1.3856417324322885,0.8735917533278681,0.8735917533278681,0.412353926270796,0.0,-0.20911115551483103,0.5985242166140929,0.186225419575599,0.3199283229689771,0.460869978539411,-0.9147285713139017,0.9579142169913949,-1.3856417324322885,0.49785630285256816,0.4978563028525684,0.41600531848627925,0.0,0.0952221497737613,0.6793584232819709,0.20355626302300814,0.3218928601969431,0.4647473162659408,-0.971271529937815,1.1032478338193479,-1.3856417324322885,0.6657603821299994,0.6657603821299991,0.41600531848627925,0.0,-0.0062370756413969745,0.6793584232819709,0.21445512351921642,0.32482979120453176,0.46581775924328295,-1.009546298361958,1.2485814506473008,-1.3856417324322885,0.6657603821299994,0.6657603821299991,0.412353926270796,0.0,-0.10768520710444732,0.5533838057951503,0.21298868280363786,0.32696428978768294,0.46659825609759176,-0.9881411229812683,1.3939150674752538,-1.3856417324322885,0.49785630285256816,0.4978563028525684,0.41965671070176247,0.0,0.19668137518912557,0.7414918505961723,0.22345642398184365,0.32940449326673843,0.46890128652020774,-1.0536697353555746,1.5392486843032067,-1.3856417324322885,0.8336644614074301,0.83366446140743,-0.4119928668798129
0.8113495262877096,0.0,0.09643450432437335,-0.2668801586390385,-0.14502803301228284,0.751452005227208,0.9028794380284626,-1.152277734043584,-0.7860891849440405,-0.6882861417901028,-0.19185913651474243,-0.19185913651474243,0.8001368762142416,0.0,-0.3141177723277716,-0.542705499140208,-0.16725709163307187,0.7520766746515996,0.9015001169267466,-1.117865657039055,-0.6407555681160876,-0.6882861417901028,-0.7507928874685575,-0.7507928874685574,0.7740055767897762,0.0,-0.7239972208961479,-1.0825266062347034,-0.23466652660874482,0.7560072829176308,0.8919153759452509,-1.07154016803963,-0.4954219512881346,-0.6882861417901028,-1.5218971181448253,-1.5218971181448253,0.7479143225441447,0.0,-0.7234521368851137,-1.5007627188996684,-0.33662651086335715,0.7633124457421332,0.8763133604684473,-0.999724003528004,-0.3500883344601816,-0.6882861417901028,-1.2496968694880974,-1.2496968694880977,0.7330211564887689,0.0,-0.4159477995037308,-1.7026605587666834,-0.4424076152481666,0.7697353605191525,0.8597287648108862,-1.005775114865685,-0.2047547176322287,-0.6882861417901028,-1.576897576524564,-1.5768975765245643,0.7367453581203135,0.0,0.09626090564568256,-1.5805849471026236,-0.5132571729453109,0.7727233457889462,0.8473524146013144,-1.0113940039649605,-0.05942110080427573,-0.6882861417901028,-1.4655443234399854,-1.4655443234399852,0.7665462521142775,0.0,0.8138565614546102,-0.7123923960920391,-0.5044991477565782,0.7714135663110281,0.8426710682471238,-0.8856924747831445,0.08591251602367722,-0.6882861417901028,-0.5268199741307622,-0.526819974130762,0.8150882898024666,0.0,1.3284161479460486,0.29540999368982557,-0.39650636800929073,0.76939691100073,0.842823414833296,-0.7976698582313221,0.23124613285163018,-0.6882861417901028,0.9779127562536236,0.9779127562536238,0.7516385241756894,0.0,-1.7482692095730328,-0.6973490019680894,-0.43288240282932117,0.7662134866435419,0.8370287445201792,-0.5850155023734865,0.37657974967958313,-0.6882861417901028,-0.9889379080533706,-0.9889379080533703,0.7553627258072342,0.0,0.0962043303767338,-0.6297586731969863,-0.4494633187013533,0.7609267909008365,0.8333496685778075,-0.6061326189421085,0.5219133665075361,-0.6882861417901028,-0.8734930615569534,-0.8734930615569536,0.7441901209126,0.0,-0.3135273643831232,-0.7792306410877428,-0.47972788142690237,0.7552104166424576,0.8289815634953125,-0.6256987670252528,0.667246983335489,-0.6882861417901028,-1.185539612131105,-1.1855396121311053,0.710708710936728,0.0,-0.9274117696769518,-1.1818979384424144,-0.5643689514797254,0.7525422160998466,0.8185589669322837,-0.600511663524488,0.812580600163442,-0.6882861417901028,-1.58013759794278,-1.5801375979427799,0.30119204138415995
1.729134058567491,0.0,1.048231564085382,-0.06850399666813244,-0.13735154451059986,1.7458592406069278,1.7713853115344098,1.2182482423403656,0.5219133665075361,0.7064250394942685,-0.19348044229810146,-0.19348044229810146,1.6936685920039438,0.0,-0.95430798882553,-0.4254793825023081,-0.20355617340914606,1.734039111617609,1.7686032972889043,1.3047591119829505,0.667246983335489,0.7064250394942685,-1.0311071422573792,-1.0311071422573788,1.69760758141287,0.0,0.09916859440506032,-0.37795664083404146,-0.2456968397330857,1.7192680718249778,1.769188014439057,1.2004491611922945,0.812580600163442,0.7064250394942685,-0.9380757226971308,-0.9380757226971307,1.7686222453684348,0.0,1.8938690557175613,0.3762485655686398,-0.13620755812711088,1.7026169445906238,1.778396564270815,1.3345550734868799,0.9579142169913949,0.7064250394942685,0.7391552397444241,0.7391552397444241,1.760715142784158,0.0,-0.21737131773640211,0.2875803534074173,-0.064828352464103,1.6857381416336128,1.788236394522316,1.1517154305179391,1.1032478338193479,0.7064250394942685,0.5524045527898406,0.5524045527898408,1.7370229587977524,0.0,-0.639006140961909,0.024609521592692998,-0.055254488119710295,1.685151367259188,1.7880344818481957,1.0743559053856047,1.2485814506473008,0.7064250394942685,-0.007159660239822458,-0.007159660239822458,1.7567652319628229,0.0,0.5213979256349126,0.23152550375861788,-0.008545105035109064,1.6867410110679533,1.7880197059082885,1.017873347489759,1.3939150674752538,0.7064250394942685,0.45911519029180997,0.45911519029180997,1.7488654103201522,0.0,-0.21724891004962685,0.13854460192042387,0.012207088185242737,1.6825660250518613,1.7894461862706414,0.9038638994757395,1.5392486843032067,0.7064250394942685,0.3879251002472429,0.3879251002472429,1.7646686940762966,0.0,0.4159798606070025,0.31265798964496005,0.059136593491981145,1.6856093104319883,1.7891573896416635,0.767196002684923,1.6845823011311598,0.7064250394942685,0.7832104262384041,0.7832104262384042,1.7686222453684348,0.0,0.09934205857181932,0.35689060631714364,0.10266885285352884,1.6893917568201426,1.7893132529615317,0.6712340893541208,-1.6580908859117582,1.4037806301364542,0.882100051676414,0.8821000516764141,1.7567652319628229,0.0,-0.322841231490026,0.19399998627797574,0.11185951491453049,1.6901556774454365,1.794483189480563,0.5511968085774213,-1.5127572690838054,1.4037806301364542,0.5855222339493438,0.5855222339493438,1.760715142784158,0.0,0.09926884156282097,0.24424680894199932,0.1252162932293255,1.6922499273461518,1.795545067336887,0.4243255283931581,-1.3674236522558523,1.4037806301364542,0.6843208008003941,0.6843208008003943,-0.217293847999882
-1.133542876488166,0.0,0.0905056089735127,-0.9255091898122789,-1.0377217741868012,-1.0763539141067702,-1.1105402941337665,-0.0604035820301904,0.667246983335489,-0.6882861417901028,-0.5650110132939316,-0.5650110132939318,-1.1235789079001524,0.0,0.2840667850659232,-0.7459369669037907,-0.9789742517866757,-1.113490047410816,-1.0926132224177942,-0.103996716889191,0.812580600163442,-0.6882861417901028,-0.19247925969905907,-0.19247925969905907,-1.126899017272556,0.0,-0.10293941570982282,-0.7878730582271489,-0.9286986867506046,-1.1671008815538209,-1.0577556545526532,-0.10553689951189801,0.9579142169913949,-0.6882861417901028,-0.31661114105767213,-0.31661114105767213,-1.100301737585297,0.0,0.7685227298561844,-0.30841074169380106,-0.826626308449851,-1.1718482890528077,-1.0556501008419978,-0.10699547110098641,1.1032478338193479,-0.6882861417901028,0.6778050050015677,0.6778050050015677,-1.110280268056523,0.0,-0.2966620357831075,-0.4518269088971238,-0.7572756115105922,-1.180293613099427,-1.051492106019288,-0.1990800826977875,1.2485814506473008,-0.6882861417901028,0.30472881333056073,0.30472881333056073,-1.1169314082137394,0.0,-0.19987901267245084,-0.5480379478007907,-0.707789128662814,-1.1838957934528012,-1.0505371249361666,-0.3105466599638219,1.3939150674752538,-0.6882861417901028,0.05605672205623399,0.05605672205623399,-1.1235789079001524,0.0,-0.19981342561158014,-0.6458825941484614,-0.6744225447818988,-1.1855869136458472,-1.0508371905199698,-0.3881345039438532,1.5392486843032067,-0.6882861417901028,-0.19247925969905907,-0.19247925969905907,-1.1235789079001524,0.0,-0.0062370756413969745,-0.6458825941484614,-0.6409546134868462,-1.1859041628115394,-1.0511851272364272,-0.48612559598888594,1.6845823011311598,-0.6882861417901028,0.0672096553605253,0.0672096553605253,-1.1202551580569458,0.0,0.09057129769473461,-0.5706900452604089,-0.6012331079450922,-1.1871380248784749,-1.0512778658622624,-0.5252268504749806,-1.6580908859117582,0.009069448852082836,0.213152020445083,0.213152020445083,-1.1235789079001524,0.0,-0.10303534874826442,-0.6293682838487997,-0.5701758890076939,-1.190409968069575,-1.050654304644762,-0.587466194127356,-1.5127572690838054,0.009069448852082836,0.0672096553605253,0.0672096553605253,-1.1036291278993067,0.0,0.574825230910186,-0.16825645818153176,-0.500357493219363,-1.1925587531560236,-1.0494928491057118,-0.6063491154976287,-1.3674236522558523,0.009069448852082836,0.8338050250664735,0.8338050250664734,-1.0936469569572778,0.0,0.2843241694384777,0.043812000689017916,-0.42062584079490195,-1.190409968069575,-1.050654304644762,-0.6497574886635923,-1.2220900354278994,0.009069448852082836,1.253875941232899,1.253875941232899,0.09057979377145974
-0.6651963076726921,0.0,-0.3988911297992734,0.6060481673836383,0.34711645712714223,-0.7365052213224172,-0.6509702844804182,-0.10270040529755976,1.3939150674752538,1.4037806301364542,0.9348850162557826,0.9348850162557824,-0.6651963076726921,0.0,-0.0062370756413969745,0.6060481673836383,0.3682188930699931,-0.7341273860046863,-0.6513061197375629,-0.25996200011340065,1.5392486843032067,1.4037806301364542,0.9348850162557826,0.9348850162557824,-0.7912075640502966,0.0,-3.624406824457912,-0.9280744274311544,0.13165889478315274,-0.7268349296860565,-0.6699270381458173,0.1384617233120673,-1.6580908859117582,-1.3856417324322885,-1.4143188900115697,-1.4143188900115697,-0.8115468744270712,0.0,-0.5925274747129253,-1.0955980741646845,-0.09565630689819828,-0.7184228913483757,-0.6906887550472078,0.09622822573710708,-1.5127572690838054,-1.3856417324322885,-1.557789709735993,-1.557789709735993,-0.8284750636613655,0.0,-0.49450881765290156,-1.2308120827386557,-0.3064100496615509,-0.7102256011122683,-0.7122488277904587,0.05684099449519786,-1.3674236522558523,-1.3856417324322885,-1.5145764307056535,-1.5145764307056535,-0.8318607015082243,0.0,-0.10394284409327972,-1.2582872428523284,-0.4750759933817635,-0.7097455406751529,-0.7301512110863143,-0.032617407308115264,-1.2220900354278994,-1.3856417324322885,-1.5173525086407122,-1.517352508640712,-0.8318607015082243,0.0,-0.0062370756413969745,-1.2582872428523284,-0.6021674105082435,-0.7125084911085047,-0.744788201614555,-0.08927205316842465,-1.0767564185999463,-1.3856417324322885,-1.5173525086407122,-1.517352508640712,-0.8386283367311389,0.0,-0.2015641225312974,-1.3199111404027988,-0.7085859498409142,-0.7120996295905289,-0.7598678898667119,-0.1023443394928561,-0.9314228017719934,-1.3856417324322885,-1.4249178341094246,-1.4249178341094244,-0.8013790394740855,0.0,1.0690761001945601,-0.6926616799628014,-0.7107785916958599,-0.7126597230634552,-0.7664670691517932,-0.08787020690389728,-0.7860891849440405,-1.3856417324322885,-0.8597371181121547,-0.8597371181121548,-0.8960239994124041,0.0,-2.7352859707032704,-1.4962573132032433,-0.8914283829648739,-0.7062434033420443,-0.791645614583059,0.1626842467372609,-0.6407555681160876,-1.3856417324322885,-1.6813812884072472,-1.6813812884072472,-0.8993950753760507,0.0,-0.10372744226991802,-1.5193087748529497,-1.0298130130930534,-0.702085998115122,-0.8138614474010156,0.13113224766351578,-0.4954219512881346,-1.3856417324322885,-1.5581262803051226,-1.5581262803051223,-0.8622877564803171,0.0,1.0670066999519812,-0.9738845093760767,-1.0536696356122162,-0.7053096245171769,-0.8259465674130319,0.16782603504280816,-0.3500883344601816,-1.3856417324322885,-1.1055548474575152,-1.1055548474575154,-0.0062332911563055815
-0.009390975794527258,0.0,0.49460281175243836,0.33528377637297124,-0.17411178360405238,-0.10610609222829677,0.014653133301332395,-0.9898784830697587,-1.0767564185999463,0.7064250394942685,1.5275910123311032,1.527591012331103,-0.020064836189140314,0.0,-0.3066198572453774,0.1082667558294194,-0.13908846647980036,-0.1034242390522583,0.014094147051678753,-1.0421328672666523,-0.9314228017719934,0.7064250394942685,1.089099760722544,1.0890997607225443,-0.0378412551205508,0.0,-0.5066614140855722,-0.24411010297316002,-0.14548437848967868,-0.10257576464542405,0.0150222866220684,-1.0352140702505317,-0.7860891849440405,0.7064250394942685,0.35882937136217874,0.35882937136217874,-0.005830595349120857,0.0,0.8953819811287205,0.35989655120278063,-0.08606121150940678,-0.10165925141585697,0.02336595181218195,-0.7931521899203068,-0.6407555681160876,0.7064250394942685,1.1564539725122944,1.1564539725122942,0.02623831195515827,0.0,0.8961456642846464,0.8432240716867686,0.024367306926449398,-0.0892028968502568,0.020108041293994173,-0.7481651726439312,-0.4954219512881346,0.7064250394942685,1.4567086149591768,1.456708614959177,0.004850545987098345,0.0,-0.6074798142247548,0.42042619522864355,0.06806398823929337,-0.08419995853784903,0.021851415901865272,-0.7620026510085511,-0.3500883344601816,0.7064250394942685,0.8058250074648173,0.8058250074648171,0.011978587819517295,0.0,0.19427299565537698,0.5287549263302675,0.11522285311026932,-0.07872686402141017,0.023837008892778594,-0.7748517380614124,-0.2047547176322287,0.7064250394942685,1.0227492803965543,1.0227492803965545,-0.0022702149037144566,0.0,-0.4069658032474195,0.25102102374248086,0.12239438033736155,-0.07604137676979225,0.026130262388640503,-0.7590342685715911,-0.05942110080427573,0.7064250394942685,0.5891223119313759,0.5891223119313759,0.004850545987098345,0.0,0.1941114388397256,0.3704419812388354,0.14030316121889788,-0.07447253917682377,0.03204340299348648,-0.7165836527152772,0.08591251602367722,0.7064250394942685,0.8058250074648173,0.8058250074648171,0.011978587819517295,0.0,0.19427299565537698,0.490867676028603,0.16643459215667203,-0.07589842116883601,0.043111114518232546,-0.676994811640682,0.23124613285163018,0.7064250394942685,0.8583009753223046,0.8583009753223046,0.008414566903307821,0.0,-0.10647044925570065,0.41181460360102806,0.1776220701216353,-0.07325246406512889,0.04544746034643307,-0.6540939262282957,0.37657974967958313,0.7064250394942685,0.6844603004618741,0.6844603004618743,0.02980597334217082,0.0,0.5954329341004,0.7769692548775168,0.22619447156554287,-0.06652997348140167,0.04475622213504846,-0.6607337940154315,0.5219133665075361,0.7064250394942685,1.2778140576087844,1.2778140576087844,0.7970001683205792
1.6818625451895746,0.0,0.4149407271792805,0.18228764457269295,0.35625675722536215,1.678727300663951,1.6901938635696327,0.7515085905432625,-1.2220900354278994,0.009069448852082836,-0.40700463161094996,-0.40700463161094996,1.6739991282549347,0.0,-0.21673042180415295,0.07482605947735896,0.3060625076937029,1.6778048386392574,1.6962467901459137,0.6253255876670097,-1.0767564185999463,0.009069448852082836,-0.5665140236651891,-0.5665140236651888,1.7409692291482846,0.0,1.7868714029356796,0.8210393983282688,0.39497688384875823,1.6747482248431405,1.7162811707072256,0.6927119229938229,-0.9314228017719934,0.009069448852082836,0.7919742986634128,0.791974298663413,1.7765293479527118,0.0,0.944040053794349,1.1318184344260076,0.5299149984958117,1.6829928374109524,1.723790898959254,0.6942916303323315,-0.7860891849440405,0.009069448852082836,1.5133112160642492,1.5133112160642492,1.7251877882169586,0.0,-1.3768396358785324,0.4521088226297721,0.5279739974977951,1.6804928763889233,1.7369649219771046,0.7111381903131291,-0.6407555681160876,0.009069448852082836,0.47184781044344715,0.47184781044344737,1.7212451583372295,0.0,-0.11164433885627412,0.4039159869541159,0.5123005512554538,1.681571213599739,1.7410171290686929,0.7112597256459577,-0.4954219512881346,0.009069448852082836,0.3918715735940303,0.3918715735940303,1.7173025284575003,0.0,-0.11165631566498271,0.3531768999093818,0.4860466814882317,1.6824777640514537,1.7420815952221789,0.6495130002302474,-0.3500883344601816,0.009069448852082836,0.3118953367446132,0.3118953367446132,1.7370229587977524,0.0,0.5211137242902565,0.565578812649616,0.4984741466977771,1.6847368588465503,1.7461341834574,0.5616161915158865,-0.2047547176322287,0.009069448852082836,0.8321952711163071,0.8321952711163072,1.7173025284575003,0.0,-0.5332883022529057,0.29542104141122855,0.4632750054489177,1.68507985536702,1.7497415387650845,0.5416158888421487,-0.05942110080427573,0.009069448852082836,0.4120636958458856,0.4120636958458856,1.7251877882169586,0.0,0.20462536346722737,0.38718117869533014,0.44561056750751504,1.6861049313976488,1.7522688453989805,0.41525854800238693,0.08591251602367722,0.009069448852082836,0.5800542795704073,0.5800542795704071,1.7488654103201522,0.0,0.6267904774054139,0.6548497294071463,0.4730333910917663,1.687508656354267,1.7520443548583517,0.39023326680370624,0.23124613285163018,0.009069448852082836,1.0844913786213248,1.0844913786213253,1.7409692291482846,0.0,-0.21719964986913265,0.5338293416367975,0.47319413822121675,1.6853831890945203,1.7525986522773667,0.3824461995985501,0.37657974967958313,0.009069448852082836,0.8969261786851189,0.8969261786851186,0.20443054445734138
1.7923581150044776,0.0,-0.21747050562750703,-0.17717570174240885,0.0698945303969081,1.7778897696289762,1.8662051410735063,0.9974510858022214,0.9579142169913949,-0.6882861417901028,-0.9167925258261811,-0.9167925258261811,1.788397282770733,0.0,-0.11192641275271677,-0.21151380916719253,0.007531400233224721,1.7703328090767285,1.865449769480293,0.9005640797552381,1.1032478338193479,-0.6882861417901028,-1.0124980681280908,-1.0124980681280908,1.8042369712349082,0.0,0.4164712847977714,-0.054799578742670614,-0.010532850833631799,1.7664183117540788,1.8650109466542641,0.7952746892811488,1.2485814506473008,-0.6882861417901028,-0.6297638635733026,-0.6297638635733025,1.8121622761732004,0.0,0.20516651537126726,0.02486443084754757,-0.009294014740752237,1.7656028695673605,1.8646379775563064,0.759493358257416,1.3939150674752538,-0.6882861417901028,-0.43826481431663217,-0.43826481431663217,1.824055694286843,0.0,0.31094170099832036,0.1471442843227153,0.014880681789150885,1.763120797137658,1.8651449220905532,0.6643940559337541,1.5392486843032067,-0.6882861417901028,-0.15088429345234952,-0.15088429345234952,1.816126748877748,0.0,-0.21761732986147886,0.057399374067797396,0.017653091239954143,1.763120797137658,1.8651449220905532,0.5296786751734922,1.6845823011311598,-0.6882861417901028,-0.34247130736187126,-0.34247130736187126,1.8002761390011637,0.0,-0.42889977533921964,-0.12312796834898021,-0.011998500123675824,1.762647319740789,1.8676084430715,0.5281487698573358,-1.6580908859117582,0.009069448852082836,-0.7254694058752125,-0.7254694058752122,1.7251877882169586,0.0,-2.009409823638198,-0.8391387118587127,-0.18355269461563856,1.770161587636913,1.8521061760363184,0.6341871515815904,-1.5127572690838054,0.009069448852082836,-1.6813812884072472,-1.6813812884072472,1.760715142784158,0.0,0.9435962408073876,-0.4230362184296199,-0.2461570900442457,1.770608358364517,1.8464912894711343,0.6090600129248802,-1.3674236522558523,0.009069448852082836,-0.8822443873360989,-0.8822443873360991,1.7528153211414874,0.0,-0.2172249170282565,-0.4951194159939746,-0.30834176620027187,1.7651187672055628,1.8416781035900294,0.5551671062010192,-1.2220900354278994,0.009069448852082836,-1.0276638485792347,-1.0276638485792344,1.7686222453684348,0.0,0.4160290932047398,-0.3080237791210159,-0.32273113095557354,1.7646503204639195,1.8385742447109108,0.4896587979012423,-1.0767564185999463,0.009069448852082836,-0.7366908989397438,-0.736690898939744,1.7923581150044776,0.0,0.6275544798186179,-0.03657084902561967,-0.28387145202455066,1.764755431805201,1.8388660554916965,0.42898586553975165,-0.9314228017719934,0.009069448852082836,-0.2997623794442397,-0.2997623794442397,-0.745441605125443
1.0030967639564219,0.0,0.7163465224777494,0.007628093801158721,-0.022703029504106072,0.9380418268538667,1.0752584769770497,-0.661803863999588,0.667246983335489,0.009069448852082836,-0.0732092592085949,-0.0732092592085949,1.0068792131208157,0.0,0.09703661666231463,0.06772373119058023,-0.015789698754103236,0.9374178329811235,1.0789213984044523,-0.6168972114465752,0.812580600163442,0.009069448852082836,0.06103117931774883,0.06103117931774883,1.0826847366532262,0.0,2.0632804887976097,1.0297862311369403,0.13896139154558257,0.9542645622873057,1.0718454972032259,0.004344854667647101,0.9579142169913949,0.009069448852082836,0.0702131040694989,0.0702131040694989,0.9427049938042268,0.0,-3.819228270412105,-0.6166269265256258,-0.017826136167873798,0.9597139402810219,1.0606748544267477,0.4735972683390085,1.1032478338193479,0.009069448852082836,-1.4076852329339604,-1.4076852329339606,0.9842027204884676,0.0,1.1288088679708959,-0.18080624046943147,-0.058974210913857884,0.9592874191924144,1.0584479750305278,0.4665159011423143,1.2485814506473008,0.009069448852082836,-0.9048872738138962,-0.9048872738138961,0.9842027204884676,0.0,-0.0062370756413969745,-0.18080624046943147,-0.09090036639352161,0.9584379896281562,1.056267184049486,0.34227081489477174,1.3939150674752538,0.009069448852082836,-0.9048872738138962,-0.9048872738138961,0.9955391465692401,0.0,0.3034580070377074,-0.059515375646909036,-0.09287822957280015,0.9574536178850576,1.0553603864975438,0.25638166493771314,1.5392486843032067,0.009069448852082836,-0.7675319931138453,-0.7675319931138453,0.9728735753493013,0.0,-0.6252217195582982,-0.2912813235360976,-0.13843336385739824,0.9570122012784328,1.0520111164556203,0.19131129387798257,1.6845823011311598,0.009069448852082836,-1.0421543366072676,-1.0421543366072674,0.8750250011042775,0.0,-2.6802133478964394,-1.0860098590921456,-0.3658976941408962,0.9730315165185925,1.0241619697579025,0.409384723954264,-1.6580908859117582,0.7064250394942685,-1.6427235611927615,-1.6427235611927615,0.8787783265022469,0.0,0.09662913694044359,-1.0413391298536754,-0.5328975784855733,0.9821994493755729,1.0035883057209904,0.37644301142871894,-1.5127572690838054,0.7064250394942685,-1.3277666812366307,-1.3277666812366309,0.9351728597126666,0.0,1.5391788734062262,-0.4145960595484246,-0.546795427831321,0.9827286821555716,0.9981330699495378,0.4196427025838714,-1.3674236522558523,0.7064250394942685,-0.7958855394092669,-0.7958855394092671,0.9804275522656799,0.0,1.2318443300482829,0.012975940092871127,-0.46255473763393873,0.9799069853700084,0.9971790458397438,0.4604383497742983,-1.2220900354278994,0.7064250394942685,-0.36906903472551766,-0.36906903472551766,0.8202301243514598
0.09772987758592606,0.0,-0.0062370756413969745,1.6716900694228878,0.7026643761058569,0.008334510792005544,0.04205428272131533,-0.7934565834563122,1.3939150674752538,0.7064250394942685,1.2188555501734437,1.2188555501734442,0.09056543104547637,0.0,-0.20720527200903224,1.446377727299804,0.7168044258757046,0.015945659803468144,0.04585440370560218,-0.8594570832312795,1.5392486843032067,0.7064250394942685,1.03696689184563,1.03696689184563,0.08340826544663282,0.0,-0.20704453289316047,1.223244986112526,0.7052380154614039,0.02054868869965299,0.0523219410325257,-0.9347454529477872,1.6845823011311598,0.7064250394942685,0.855263079715304,0.8552630797153038,0.07982968264721106,0.0,-0.1066625400047381,1.1105450067324278,0.6807212166694689,0.02468772943906902,0.05711163796932439,-0.9906964936325108,-1.6580908859117582,1.4037806301364542,0.7644111736501407,0.7644111736501407,0.08340826544663282,0.0,0.09419926012020166,1.1757304509386954,0.660453875336303,0.027471248953982414,0.06469708469811797,-1.0286914430734346,-1.5127572690838054,1.4037806301364542,0.855263079715304,0.8552630797153038,0.09414765431570121,0.0,0.29514147967087445,1.3674434422830855,0.6578704075432266,0.02782463843183479,0.07759227631426482,-1.0639440655434325,-1.3674236522558523,1.4037806301364542,1.0429453929938968,1.0429453929938968,0.07982968264721106,0.0,-0.4079106176245492,0.8880178324802449,0.6197495791732975,0.028554845890019442,0.08545688864714304,-1.0827332562189693,-1.2220900354278994,1.4037806301364542,0.6228733799013851,0.622873379901385,0.07982968264721106,0.0,-0.0062370756413969745,0.8880178324802449,0.5824604538734629,0.03075019116006822,0.08862669503928203,-1.142073327864928,-1.0767564185999463,1.4037806301364542,0.6228733799013851,0.622873379901385,0.07625109984778929,0.0,-0.1066734114029956,0.7647381190694368,0.5391897053744918,0.030591266519309324,0.0959549715870826,-1.1692556462892505,-0.9314228017719934,1.4037806301364542,0.2520731504520167,0.2520731504520167,0.05837274773389273,0.0,-0.5080643858369497,0.1959387928335057,0.46352157607012584,0.02923904885930677,0.10197426107635373,-1.1666339978866314,-0.7860891849440405,1.4037806301364542,-1.0114947055058487,-1.011494705505849,0.09414765431570121,0.0,0.998471898542521,0.9709914913644582,0.4691557821998439,0.02801259362976735,0.11288904799910071,-1.1083470557277768,-0.6407555681160876,1.4037806301364542,0.41420163720449094,0.41420163720449094,0.0869868482460546,0.0,-0.20712491115643406,0.7612545869155887,0.45374027578733755,0.02510264986355898,0.12406514497923068,-1.012089083469284,-0.4954219512881346,1.4037806301364542,-0.1918499117309323,-0.1918499117309323,-0.0062332911563055815
1.5837991831671696,0.0,1.568763822938131,0.30944437515828205,-0.6402949778750666,1.5346813566833146,1.5543887866754795,0.3769520235358601,-1.2220900354278994,1.4037806301364542,1.5851527355785717,1.5851527355785717,1.552538460381173,0.0,-0.8454199075505386,-0.08953183241673579,-0.5566384514995745,1.5274848512952288,1.5561387975962413,0.3378347312215972,-1.0767564185999463,1.4037806301364542,0.8766115699736855,0.8766115699736857,1.5681633610679666,0.0,0.41358747981039495,0.10419879939994967,-0.45429418668455335,1.5228595590426546,1.5576546690725421,0.28628805339447283,-0.9314228017719934,1.4037806301364542,1.148022975508093,1.148022975508093,1.6190389405409262,0.0,1.3601176597339213,0.65824492912387,-0.26894844799937867,1.516711091310339,1.561483076637979,0.36083594793353757,-0.7860891849440405,1.4037806301364542,1.4387019367064624,1.4387019367064624,1.6347220887605691,0.0,0.4143425494456969,0.808620119776598,-0.09009678239293749,1.5232619643225447,1.5576416518437033,0.3846157754864803,-0.6407555681160876,1.4037806301364542,1.329714629186275,1.3297146291862751,1.6464953713377104,0.0,0.309347467098117,0.9205476200326301,0.0739171457737362,1.5357041043016109,1.5510151259070755,0.39131735504774445,-0.4954219512881346,1.4037806301364542,1.5361219418637402,1.5361219418637402,1.6936685920039438,0.0,1.257817964634843,1.32457806493522,0.2942577515582549,1.5569796096290565,1.5382653768577181,0.5360426563139988,-0.3500883344601816,1.4037806301364542,1.4593973238169948,1.4593973238169948,1.6347220887605691,0.0,-1.583620263620354,0.522265996912808,0.3469135362199902,1.5673015832392394,1.5427740805978711,0.6090536905925197,-0.2047547176322287,1.4037806301364542,0.6568805605357115,0.6568805605357113,1.6818625451895746,0.0,1.2573696788217181,0.9196871200021182,0.47683204101284926,1.585127411626815,1.544850142762773,0.6767218419451326,-0.05942110080427573,1.4037806301364542,1.2986659834438967,1.2986659834438967,1.6033703542044955,0.0,-2.107369962963524,0.08105077902943038,0.41801289669159486,1.5888551289283535,1.549724334551359,0.8615715925704838,0.08591251602367722,1.4037806301364542,0.23004790457113555,0.23004790457113555,1.7646686940762966,0.0,4.321308133276759,1.149621010178577,0.6849416508803624,1.6237909206409744,1.5421046256429156,1.3723235982441189,0.23124613285163018,1.4037806301364542,1.4674602564213186,1.4674602564213186,1.7528153211414874,0.0,-0.3227800415698121,1.0405176138922054,0.8625296495642879,1.6490909713527317,1.5422157340903453,1.3408529114175152,0.37657974967958313,1.4037806301364542,1.3269758867262749,1.326975886726275,-0.7416053899227948
-0.9431389725457882,0.0,-1.7580111964358276,-0.8014668930351394,-0.7700104110129091,-0.8611224521320698,-0.8611053426028797,0.5516620093259416,0.812580600163442,0.009069448852082836,-1.2806037430511703,-1.2806037430511705,-0.9532157957286971,0.0,-0.2980839694335964,-0.8762094845364045,-0.8382455924746349,-0.8626490761853101,-0.8731108594113121,0.544471976292182,0.9579142169913949,0.009069448852082836,-1.481028719662845,-1.4810287196628455,-0.9296910733992327,0.0,0.6753048502131374,-0.605219158090619,-0.8361144530300605,-0.869494401213705,-0.8784196382743823,0.4851949929336091,1.1032478338193479,0.009069448852082836,-1.0131290813446938,-1.0131290813446936,-0.9263272783771923,0.0,0.09114492323314455,-0.5661619127364566,-0.8186415384851788,-0.8766581780106429,-0.882389526655365,0.3515495147595571,1.2485814506473008,0.009069448852082836,-0.9462242119844381,-0.9462242119844381,-0.916232252840268,0.0,0.285983640876744,-0.44437365108483523,-0.7760715465072685,-0.8888841160966847,-0.8819501593950781,0.21434261415742142,1.3939150674752538,0.009069448852082836,-0.7454371960363981,-0.7454371960363982,-0.916232252840268,0.0,-0.0062370756413969745,-0.44437365108483523,-0.7342345746608209,-0.9049823535617297,-0.8782926661172827,0.10008633748367339,1.5392486843032067,0.009069448852082836,-0.7454371960363981,-0.7454371960363982,-0.8859107715214645,0.0,0.8712025186605405,-0.06687139567506481,-0.6336443451364207,-0.9161125672354979,-0.874211129733967,0.05977028058151225,1.6845823011311598,0.009069448852082836,-0.14235206951954824,-0.14235206951954824,-0.889281847485111,0.0,-0.10369671963403146,-0.10647959649237379,-0.5546219394615618,-0.9254198283951063,-0.8709443278288082,-0.043331507079087575,-1.6580908859117582,0.7064250394942685,-0.20940175461434984,-0.20940175461434984,-0.8859107715214645,0.0,0.09123280707801716,-0.06247099671832189,-0.4801001112487874,-0.9355632882412175,-0.8664971171407443,-0.15221901236359367,-1.5127572690838054,0.7064250394942685,-0.14235206951954824,-0.14235206951954824,-0.8926529234487576,0.0,-0.20115636362666597,-0.15138300511392155,-0.42990037378550533,-0.9490545708010685,-0.8596953919434511,-0.25334303970463645,-1.3674236522558523,0.7064250394942685,-0.2764514397091515,-0.2764514397091515,-0.8859107715214645,0.0,0.18872317155455165,-0.05293781477374053,-0.37273282128463936,-0.9475127352766307,-0.8565148392899966,-0.3077651271400409,-1.2220900354278994,0.7064250394942685,0.10952139974267876,0.10952139974267876,-0.8791649791233682,0.0,0.1887874603395119,0.04799991685106649,-0.3107504562639642,-0.9466636122753883,-0.8566925790866887,-0.3977503157004772,-1.0767564185999463,0.7064250394942685,1.313434571472151,1.313434571472151,0.5791984438352105
-0.9431389725457882,0.0,-0.0062370756413969745,0.27465568799082596,-0.4553232804739988,-0.9976300358772409,-0.9658975616583162,-0.04756948293202633,-0.2047547176322287,1.4037806301364542,0.9652435538830345,0.9652435538830347,-0.9364186634433135,0.0,0.18839781089784088,0.35254396929345494,-0.33097991222741646,-0.9927191197501544,-0.9657880803698328,-0.11694529966321542,-0.05942110080427573,1.4037806301364542,1.1422285007719264,1.1422285007719266,-0.8555310426698116,0.0,2.33595442274526,1.1285594048734953,-0.07060968540750466,-0.9905033698581454,-0.9673407824866678,0.08182153272167972,0.08591251602367722,1.4037806301364542,1.5574520367089735,1.5574520367089737,-0.8656624729147667,0.0,-0.29886523024234407,0.9849742619902302,0.11384639770194066,-0.9809968235875786,-0.9731882824647259,0.03001499883860623,0.23124613285163018,1.4037806301364542,1.231399247010129,1.2313992470101291,-0.9296910733992327,0.0,-1.8561716058060356,0.18799004951792625,0.130419863066103,-0.9774397250546126,-0.9737338476448634,0.13928447383738152,0.37657974967958313,1.4037806301364542,0.1834727214118962,0.1834727214118962,-0.9364186634433135,0.0,-0.201001073390377,0.11366344574627159,0.12828968997678644,-0.9734922118747238,-0.9726543144072093,0.10897785695072613,0.5219133665075361,1.4037806301364542,0.07336536302518155,0.07336536302518155,-0.9095010223253841,0.0,0.7731933190240243,0.3890682735292856,0.17788985230913942,-0.9659696207665661,-0.9704542954749252,0.1466860605923011,0.667246983335489,1.4037806301364542,0.5139139603798173,0.5139139603798173,-0.9128684578182276,0.0,-0.10366308836449759,0.3474698202691889,0.2077217024330565,-0.9599384852107432,-0.9670906011111917,0.07665598395047397,0.812580600163442,1.4037806301364542,0.45880069928257117,0.45880069928257117,-0.916232252840268,0.0,-0.10356798354545699,0.3035971866212569,0.22173277481145265,-0.9548873490579662,-0.9644228362174498,-0.00153627639345891,0.9579142169913949,1.4037806301364542,0.4037470200892141,0.4037470200892141,-0.9195996883331115,0.0,-0.10368354277185902,0.25728638186377656,0.22318180035595986,-0.9507463763318796,-0.9621858036229206,-0.04781471121692398,1.1032478338193479,1.4037806301364542,0.3486337589919679,0.3486337589919679,-0.916232252840268,0.0,0.09121962744737151,0.30005268590505213,0.22805572325728451,-0.9468010155037363,-0.9610971589660456,-0.1564813946724523,1.2485814506473008,1.4037806301364542,0.4037470200892141,0.4037470200892141,-0.8926529234487576,0.0,0.6760988893355724,0.5933197924911596,0.27542219738671436,-0.9407342691539387,-0.9554039029825483,-0.20477144704850253,1.3939150674752538,1.4037806301364542,0.7112123922698105,0.7112123922698105,1.360140880218368
0.710708710936728,0.0,0.198438502944769,-0.5106799658785255,-0.5427853591220555,0.6648707748612038,0.7911964270306467,-0.43341291886060124,1.1032478338193479,0.7064250394942685,0.047452657875131955,0.047452657875131955,0.7181425523166053,0.0,0.19849362019524447,-0.37151072304899113,-0.5045483859980181,0.662803806091425,0.7906626167877479,-0.5090694861081511,1.2485814506473008,0.7064250394942685,0.26398105080377643,0.26398105080377643,0.7255836746380886,0.0,0.1986489287842952,-0.23086763229191917,-0.4545240712889417,0.6608797108696632,0.7907319980513866,-0.5792794098217284,1.3939150674752538,0.7064250394942685,0.48072151855409445,0.48072151855409423,0.7293005953280272,0.0,0.0960830931816248,-0.1589194678999398,-0.40318013742859166,0.6605500381504393,0.7906904204792233,-0.6589735655284265,1.5392486843032067,0.7064250394942685,0.5889857150184162,0.5889857150184165,0.7330211564887689,0.0,0.09617201475248063,-0.08407409154570489,-0.351380249721274,0.6605500381504393,0.7906904204792233,-0.7329610805363589,1.6845823011311598,0.7064250394942685,0.6973559488935756,0.6973559488935753,0.7293005953280272,0.0,-0.10863486339846368,-0.15857842605473876,-0.31448988456245497,0.6608115774465233,0.7908002362178808,-0.7726227169392539,-1.6580908859117582,1.4037806301364542,0.5889857150184162,0.5889857150184165,0.7144256316266666,0.0,-0.4156730280384525,-0.44922626948969063,-0.3117014706299262,0.6607976850755753,0.7911873845370868,-0.8094939823296609,-1.5127572690838054,1.4037806301364542,0.2171574611123531,0.2171574611123531,0.7181425523166053,0.0,0.09611697929294472,-0.3604761185884295,-0.29899332912346654,0.658983088371811,0.7907733515010513,-0.8437457869118973,-1.3674236522558523,1.4037806301364542,0.4731568683066207,0.4731568683066207,0.7069954307175925,0.0,-0.31316513119504236,-0.5806019548786714,-0.30797512061008936,0.6588075595144465,0.7894574515089161,-0.8755794360348341,-1.2220900354278994,1.4037806301364542,0.32957605677516344,0.32957605677516344,0.7069954307175925,0.0,-0.0062370756413969745,-0.5806019548786714,-0.3118621549069981,0.6566589009280288,0.7882606711881369,-0.9196668816325118,-1.0767564185999463,1.4037806301364542,0.14681790706760994,0.14681790706760994,0.7255836746380886,0.0,0.5057463569523126,-0.1011060368972813,-0.27505089656358467,0.6559334447634887,0.7882444485232224,-0.902551513775131,-0.9314228017719934,1.4037806301364542,0.8337305216706233,0.8337305216706234,0.7218631134773469,0.0,-0.10865746010472338,-0.18713191548076194,-0.2507736097172742,0.6507514635234395,0.7900990016942427,-0.9156429242760279,-0.7860891849440405,1.4037806301364542,-0.004858283725341464,-0.004858283725341464,-0.10852070040992279
-0.9464991270970255,0.0,-0.2981281715068144,-0.9719350925943695,-0.21140539643988707,-0.9078982072397417,-0.8486518042524569,-0.47094693136282345,-0.3500883344601816,-0.6882861417901028,-1.31824451568418,-1.3182445156841802,-0.9431389725457882,0.0,0.09109057649726984,-0.9013242183429923,-0.288846246621398,-0.9093813369896845,-0.8461467763993019,-0.48399425480250796,-0.2047547176322287,-0.6882861417901028,-1.1837412915858845,-1.1837412915858845,-0.9296910733992327,0.0,0.38324356946998156,-0.6187591319152231,-0.3200634300482204,-0.9081537698583684,-0.8517781369259577,-0.5091035465364335,-0.05942110080427573,-0.6882861417901028,-0.8990452797757383,-0.8990452797757383,-0.9027625108688941,0.0,0.7733458742227195,-0.10866219516648243,-0.288121257901763,-0.9095014599132508,-0.853806632183361,-0.5191697793659766,0.08591251602367722,-0.6882861417901028,-0.32895962753977437,-0.32895962753977437,-0.8926529234487576,0.0,0.286190165311754,0.06673157641976726,-0.24023204713525775,-0.91086894791412,-0.8548002413282996,-0.5021457284812183,0.23124613285163018,-0.6882861417901028,-0.11493666468195722,-0.11493666468195722,-0.8993950753760507,0.0,-0.20119732283724262,-0.054365342263619214,-0.21363185968402448,-0.9167933339643153,-0.8549356413801158,-0.4993458022050197,0.37657974967958313,-0.6882861417901028,-0.19405687984451694,-0.19405687984451694,-0.9095010223253841,0.0,-0.29852832660255896,-0.23522360505693019,-0.21064879721585697,-0.918360274948135,-0.857081080565875,-0.48368094566718084,0.5219133665075361,-0.6882861417901028,-0.3585185142939352,-0.3585185142939352,-0.889281847485111,0.0,0.5787403023736211,0.14490634960830398,-0.16639165919997964,-0.9193065706811886,-0.8574827408864688,-0.4954494705153727,0.667246983335489,-0.6882861417901028,0.4593733578173728,0.4593733578173728,-0.8993950753760507,0.0,-0.29864672379994844,-0.04639123621947198,-0.15012751392569051,-0.921387882739253,-0.8584344774702947,-0.42730618821126776,0.812580600163442,-0.6882861417901028,0.4130050763300189,0.4130050763300189,-0.9263272783771923,0.0,-0.7851890477634402,-0.5079870355379174,-0.18915332057035217,-0.923050503934383,-0.8621728472448767,-0.40377889741333467,0.9579142169913949,-0.6882861417901028,-0.42574717432370784,-0.42574717432370784,-0.9364186634433135,0.0,-0.29835241144673047,-0.6648941542796368,-0.23783687193776337,-0.9277249363488164,-0.8659260325281656,-0.46081871255066026,1.1032478338193479,-0.6882861417901028,-0.7400241733521116,-0.7400241733521115,-0.9364186634433135,0.0,-0.0062370756413969745,-0.6648941542796368,-0.27362856994361284,-0.9423156972841201,-0.8630909020104067,-0.5269485872118417,1.2485814506473008,-0.6882861417901028,-0.7400241733521116,-0.7400241733521115,0.3833991855832651
-1.1733405033073714,0.0,-0.972491745299016,0.605345335398993,0.19734513516060212,-1.262778541295271,-1.1424869212077209,-0.8566569006715349,0.812580600163442,0.7064250394942685,0.5145855739471769,0.5145855739471772,-1.1434995641345735,0.0,0.8642775148497459,1.0960475080204133,0.2731055443567422,-1.2518469497495106,-1.147839906809089,-0.7400198809647555,0.9579142169913949,0.7064250394942685,0.9261290918167312,0.9261290918167311,-1.1501361424085774,0.0,-0.19965668185495594,0.9248096257111419,0.3159003671585856,-1.2440982064935167,-1.1493272807658608,-0.7482759295212421,1.1032478338193479,0.7064250394942685,0.7393514327539291,0.739351432753929,-1.1501361424085774,0.0,-0.0062370756413969745,0.9248096257111419,0.34546936413874235,-1.237628198464937,-1.1488637391337222,-0.8076623220999694,1.2485814506473008,0.7064250394942685,0.7393514327539291,0.739351432753929,-1.140183095232973,0.0,0.2838997697590593,1.093616417327264,0.3839700927598023,-1.229938795538051,-1.148960267263289,-0.8757439454412853,1.3939150674752538,0.7064250394942685,1.0194666932463594,1.0194666932463594,-1.1368629858605697,0.0,0.09051569760489607,1.1497714008759448,0.4159474392432432,-1.2226130611391495,-1.1486891550380818,-0.8871431268725077,1.5392486843032067,0.7064250394942685,1.1129067508795332,1.112906750879533,-1.1434995641345735,0.0,-0.19961636736634317,0.9429336245093243,0.4228114648210284,-1.2173855564411111,-1.1476349660296092,-0.9495333488674982,1.6845823011311598,0.7064250394942685,0.882307333222724,0.882307333222724,-1.153452611310178,0.0,-0.29631343515209285,0.641998499248669,0.4033803776927397,-1.214569201887948,-1.1444888667425457,-0.9815928945407074,-1.6580908859117582,1.4037806301364542,0.5857754259783047,0.5857754259783047,-1.1700276748765739,0.0,-0.489459724048629,0.18548732160850273,0.35050826134686286,-1.2142269355142257,-1.1401837965706654,-1.0114192766875505,-1.5127572690838054,1.4037806301364542,0.09195327027828946,0.09195327027828946,-1.1766533317381687,0.0,-0.1994994329351469,0.015650285887346474,0.2916620739363968,-1.214706276701993,-1.1357166309406137,-1.0391720069884822,-1.3674236522558523,1.4037806301364542,-0.21628126285853141,-0.21628126285853141,-1.1700276748765739,0.0,0.1870655473952567,0.18213436056541885,0.25494208300583376,-1.2155569367217518,-1.1298789065070771,-1.0649566004162059,-1.2220900354278994,1.4037806301364542,-0.0065862293182151425,-0.0065862293182151425,-1.1832717076581574,0.0,-0.39254941401219723,-0.16334344129113568,0.1967860661423362,-1.2179655801040323,-1.1234705853896927,-1.1018223521118746,-1.0767564185999463,1.4037806301364542,-0.642235581288711,-0.642235581288711,0.28356785885330504
